{
  "generatedAt": "2026-03-02T22:36:18.541Z",
  "beats": {
    "totalEntries": 576,
    "byLayer": {
      "L1": 233,
      "L2": 343,
      "other": 0
    },
    "firstBeatKey": "0:0:0:0",
    "lastBeatKey": "3:1:3:4",
    "firstTimeMs": 0,
    "lastTimeMs": 84821.42857142858,
    "spanMs": 84821.429
  },
  "regimes": {
    "initializing": 65,
    "evolving": 12,
    "coherent": 499
  },
  "conductor": {
    "playProb": {
      "min": 0.2627005224531174,
      "max": 0.58096895125636,
      "avg": 0.4172,
      "count": 576
    },
    "stutterProb": {
      "min": 0.22612671874999998,
      "max": 1,
      "avg": 0.5186,
      "count": 576
    },
    "density": {
      "min": 0.3076720848939139,
      "max": 0.7901126889162946,
      "avg": 0.5898,
      "count": 576
    },
    "tension": {
      "min": 0.06396197362647224,
      "max": 0.9637964137076029,
      "avg": 0.6585,
      "count": 576
    },
    "flicker": {
      "min": 0.8646891658725813,
      "max": 1.0621649753072646,
      "avg": 0.9549,
      "count": 576
    }
  },
  "couplingAbs": {
    "density-entropy": {
      "min": 0.009,
      "max": 0.746,
      "avg": 0.3823,
      "count": 511
    },
    "density-flicker": {
      "min": 0.064,
      "max": 0.951,
      "avg": 0.5397,
      "count": 511
    },
    "density-phase": {
      "min": 0,
      "max": 0.68,
      "avg": 0.2776,
      "count": 511
    },
    "density-tension": {
      "min": 0.009,
      "max": 0.667,
      "avg": 0.2848,
      "count": 511
    },
    "density-trust": {
      "min": 0.029,
      "max": 0.614,
      "avg": 0.2985,
      "count": 511
    },
    "entropy-phase": {
      "min": 0,
      "max": 0.763,
      "avg": 0.3173,
      "count": 511
    },
    "entropy-trust": {
      "min": 0.001,
      "max": 0.566,
      "avg": 0.094,
      "count": 511
    },
    "flicker-entropy": {
      "min": 0.01,
      "max": 0.641,
      "avg": 0.3133,
      "count": 511
    },
    "flicker-phase": {
      "min": 0,
      "max": 0.672,
      "avg": 0.1441,
      "count": 511
    },
    "flicker-trust": {
      "min": 0.034,
      "max": 0.487,
      "avg": 0.2385,
      "count": 511
    },
    "tension-entropy": {
      "min": 0.025,
      "max": 0.853,
      "avg": 0.3931,
      "count": 511
    },
    "tension-flicker": {
      "min": 0.002,
      "max": 0.754,
      "avg": 0.3061,
      "count": 511
    },
    "tension-phase": {
      "min": 0,
      "max": 0.481,
      "avg": 0.2093,
      "count": 511
    },
    "tension-trust": {
      "min": 0.006,
      "max": 0.49,
      "avg": 0.1922,
      "count": 511
    }
  },
  "couplingTail": {
    "density-entropy": {
      "p90": 0.74,
      "p95": 0.746,
      "exceedanceRate": {
        "0.50": 0.1957,
        "0.70": 0.1429,
        "0.85": 0
      }
    },
    "density-flicker": {
      "p90": 0.94,
      "p95": 0.942,
      "exceedanceRate": {
        "0.50": 0.5479,
        "0.70": 0.1859,
        "0.85": 0.1409
      }
    },
    "density-phase": {
      "p90": 0.677,
      "p95": 0.677,
      "exceedanceRate": {
        "0.50": 0.2759,
        "0.70": 0,
        "0.85": 0
      }
    },
    "density-tension": {
      "p90": 0.619,
      "p95": 0.667,
      "exceedanceRate": {
        "0.50": 0.1174,
        "0.70": 0,
        "0.85": 0
      }
    },
    "density-trust": {
      "p90": 0.458,
      "p95": 0.503,
      "exceedanceRate": {
        "0.50": 0.0548,
        "0.70": 0,
        "0.85": 0
      }
    },
    "entropy-phase": {
      "p90": 0.753,
      "p95": 0.763,
      "exceedanceRate": {
        "0.50": 0.3366,
        "0.70": 0.1429,
        "0.85": 0
      }
    },
    "entropy-trust": {
      "p90": 0.254,
      "p95": 0.397,
      "exceedanceRate": {
        "0.50": 0.0391,
        "0.70": 0,
        "0.85": 0
      }
    },
    "flicker-entropy": {
      "p90": 0.631,
      "p95": 0.631,
      "exceedanceRate": {
        "0.50": 0.2074,
        "0.70": 0,
        "0.85": 0
      }
    },
    "flicker-phase": {
      "p90": 0.524,
      "p95": 0.524,
      "exceedanceRate": {
        "0.50": 0.1194,
        "0.70": 0,
        "0.85": 0
      }
    },
    "flicker-trust": {
      "p90": 0.313,
      "p95": 0.341,
      "exceedanceRate": {
        "0.50": 0,
        "0.70": 0,
        "0.85": 0
      }
    },
    "tension-entropy": {
      "p90": 0.789,
      "p95": 0.8085,
      "exceedanceRate": {
        "0.50": 0.4325,
        "0.70": 0.2035,
        "0.85": 0.0372
      }
    },
    "tension-flicker": {
      "p90": 0.703,
      "p95": 0.754,
      "exceedanceRate": {
        "0.50": 0.1174,
        "0.70": 0.1174,
        "0.85": 0
      }
    },
    "tension-phase": {
      "p90": 0.417,
      "p95": 0.436,
      "exceedanceRate": {
        "0.50": 0,
        "0.70": 0,
        "0.85": 0
      }
    },
    "tension-trust": {
      "p90": 0.354,
      "p95": 0.426,
      "exceedanceRate": {
        "0.50": 0,
        "0.70": 0,
        "0.85": 0
      }
    }
  },
  "trustScoreAbs": {
    "cadenceAlignment": {
      "min": 0.006993000000000001,
      "max": 0.535759651159785,
      "avg": 0.1172,
      "count": 576
    },
    "coherenceMonitor": {
      "min": 0.0774225,
      "max": 0.74925,
      "avg": 0.7037,
      "count": 576
    },
    "convergence": {
      "min": 0.019980000000000005,
      "max": 0.2416388164403612,
      "avg": 0.1971,
      "count": 576
    },
    "entropyRegulator": {
      "min": 0.03293578124999998,
      "max": 0.74925,
      "avg": 0.302,
      "count": 576
    },
    "feedbackOscillator": {
      "min": 0.011988,
      "max": 0.24734315118282535,
      "avg": 0.1372,
      "count": 576
    },
    "phaseLock": {
      "min": 0.014985,
      "max": 0.6012359105459194,
      "avg": 0.421,
      "count": 576
    },
    "restSynchronizer": {
      "min": 0.007992,
      "max": 0.20912235123629788,
      "avg": 0.1309,
      "count": 576
    },
    "stutterContagion": {
      "min": 0.0437888599107017,
      "max": 0.74925,
      "avg": 0.4107,
      "count": 576
    }
  },
  "trustWeightAbs": {
    "cadenceAlignment": {
      "min": 1.00524475,
      "max": 1.4018197383698388,
      "avg": 1.0879,
      "count": 576
    },
    "coherenceMonitor": {
      "min": 1.058066875,
      "max": 1.5619375,
      "avg": 1.5278,
      "count": 576
    },
    "convergence": {
      "min": 1.014985,
      "max": 1.181229112330271,
      "avg": 1.1478,
      "count": 576
    },
    "entropyRegulator": {
      "min": 1.0247018359375,
      "max": 1.5619375,
      "avg": 1.2265,
      "count": 576
    },
    "feedbackOscillator": {
      "min": 1.008991,
      "max": 1.185507363387119,
      "avg": 1.1029,
      "count": 576
    },
    "phaseLock": {
      "min": 1.01123875,
      "max": 1.4509269329094394,
      "avg": 1.3158,
      "count": 576
    },
    "restSynchronizer": {
      "min": 1.005994,
      "max": 1.1568417634272234,
      "avg": 1.0982,
      "count": 576
    },
    "stutterContagion": {
      "min": 1.0328416449330262,
      "max": 1.5619375,
      "avg": 1.308,
      "count": 576
    }
  },
  "trustAbs": {
    "cadenceAlignment": {
      "min": 0.006993000000000001,
      "max": 0.535759651159785,
      "avg": 0.1172,
      "count": 576
    },
    "coherenceMonitor": {
      "min": 0.0774225,
      "max": 0.74925,
      "avg": 0.7037,
      "count": 576
    },
    "convergence": {
      "min": 0.019980000000000005,
      "max": 0.2416388164403612,
      "avg": 0.1971,
      "count": 576
    },
    "entropyRegulator": {
      "min": 0.03293578124999998,
      "max": 0.74925,
      "avg": 0.302,
      "count": 576
    },
    "feedbackOscillator": {
      "min": 0.011988,
      "max": 0.24734315118282535,
      "avg": 0.1372,
      "count": 576
    },
    "phaseLock": {
      "min": 0.014985,
      "max": 0.6012359105459194,
      "avg": 0.421,
      "count": 576
    },
    "restSynchronizer": {
      "min": 0.007992,
      "max": 0.20912235123629788,
      "avg": 0.1309,
      "count": 576
    },