{
  "generatedAt": "2026-03-03T04:24:44.958Z",
  "beats": {
    "totalEntries": 674,
    "byLayer": {
      "L1": 236,
      "L2": 438,
      "other": 0
    },
    "firstBeatKey": "0:0:0:0",
    "lastBeatKey": "3:2:4:8",
    "firstTimeMs": 0,
    "lastTimeMs": 100611.1111111111,
    "spanMs": 100611.111
  },
  "regimes": {
    "initializing": 85,
    "evolving": 54,
    "coherent": 253,
    "exploring": 282
  },
  "conductor": {
    "playProb": {
      "min": 0.2590904630267231,
      "max": 0.5796419341639346,
      "avg": 0.438,
      "count": 674
    },
    "stutterProb": {
      "min": 0.22612671874999998,
      "max": 1,
      "avg": 0.6086,
      "count": 674
    },
    "density": {
      "min": 0.29855478921196504,
      "max": 0.7942538273553967,
      "avg": 0.5541,
      "count": 674
    },
    "tension": {
      "min": 0.0654208642328429,
      "max": 0.8313496771997277,
      "avg": 0.5693,
      "count": 674
    },
    "flicker": {
      "min": 0.8334255276731848,
      "max": 1.0502457381992483,
      "avg": 0.9157,
      "count": 674
    }
  },
  "couplingAbs": {
    "density-entropy": {
      "min": 0.062,
      "max": 0.51,
      "avg": 0.2703,
      "count": 589
    },
    "density-flicker": {
      "min": 0.002,
      "max": 0.961,
      "avg": 0.1926,
      "count": 589
    },
    "density-phase": {
      "min": 0,
      "max": 0.86,
      "avg": 0.2894,
      "count": 589
    },
    "density-tension": {
      "min": 0.015,
      "max": 0.63,
      "avg": 0.3155,
      "count": 589
    },
    "density-trust": {
      "min": 0.004,
      "max": 0.923,
      "avg": 0.2207,
      "count": 589
    },
    "entropy-phase": {
      "min": 0,
      "max": 0.725,
      "avg": 0.4091,
      "count": 589
    },
    "entropy-trust": {
      "min": 0,
      "max": 0.389,
      "avg": 0.1751,
      "count": 589
    },
    "flicker-entropy": {
      "min": 0.006,
      "max": 0.883,
      "avg": 0.2851,
      "count": 589
    },
    "flicker-phase": {
      "min": 0,
      "max": 0.751,
      "avg": 0.4289,
      "count": 589
    },
    "flicker-trust": {
      "min": 0.068,
      "max": 0.901,
      "avg": 0.276,
      "count": 589
    },
    "tension-entropy": {
      "min": 0.005,
      "max": 0.873,
      "avg": 0.2757,
      "count": 589
    },
    "tension-flicker": {
      "min": 0.002,
      "max": 0.802,
      "avg": 0.2824,
      "count": 589
    },
    "tension-phase": {
      "min": 0,
      "max": 0.53,
      "avg": 0.1944,
      "count": 589
    },
    "tension-trust": {
      "min": 0.022,
      "max": 0.803,
      "avg": 0.1693,
      "count": 589
    }
  },
  "couplingTail": {
    "density-entropy": {
      "p90": 0.4,
      "p95": 0.51,
      "exceedanceRate": {
        "0.50": 0.073,
        "0.70": 0,
        "0.85": 0
      }
    },
    "density-flicker": {
      "p90": 0.4286,
      "p95": 0.565,
      "exceedanceRate": {
        "0.50": 0.0917,
        "0.70": 0.0187,
        "0.85": 0.0085
      }
    },
    "density-phase": {
      "p90": 0.845,
      "p95": 0.845,
      "exceedanceRate": {
        "0.50": 0.1205,
        "0.70": 0.1121,
        "0.85": 0.0051
      }
    },
    "density-tension": {
      "p90": 0.504,
      "p95": 0.514,
      "exceedanceRate": {
        "0.50": 0.253,
        "0.70": 0,
        "0.85": 0
      }
    },
    "density-trust": {
      "p90": 0.347,
      "p95": 0.761,
      "exceedanceRate": {
        "0.50": 0.0917,
        "0.70": 0.0917,
        "0.85": 0.0187
      }
    },
    "entropy-phase": {
      "p90": 0.714,
      "p95": 0.725,
      "exceedanceRate": {
        "0.50": 0.4584,
        "0.70": 0.1019,
        "0.85": 0
      }
    },
    "entropy-trust": {
      "p90": 0.323,
      "p95": 0.389,
      "exceedanceRate": {
        "0.50": 0,
        "0.70": 0,
        "0.85": 0
      }
    },
    "flicker-entropy": {
      "p90": 0.478,
      "p95": 0.883,
      "exceedanceRate": {
        "0.50": 0.0832,
        "0.70": 0.073,
        "0.85": 0.073
      }
    },
    "flicker-phase": {
      "p90": 0.686,
      "p95": 0.697,
      "exceedanceRate": {
        "0.50": 0.5025,
        "0.70": 0.0204,
        "0.85": 0
      }
    },
    "flicker-trust": {
      "p90": 0.42,
      "p95": 0.42,
      "exceedanceRate": {
        "0.50": 0.0085,
        "0.70": 0.0085,
        "0.85": 0.0085
      }
    },
    "tension-entropy": {
      "p90": 0.49,
      "p95": 0.873,
      "exceedanceRate": {
        "0.50": 0.0917,
        "0.70": 0.0832,
        "0.85": 0.073
      }
    },
    "tension-flicker": {
      "p90": 0.673,
      "p95": 0.751,
      "exceedanceRate": {
        "0.50": 0.2547,
        "0.70": 0.0866,
        "0.85": 0
      }
    },
    "tension-phase": {
      "p90": 0.439,
      "p95": 0.507,
      "exceedanceRate": {
        "0.50": 0.0594,
        "0.70": 0,
        "0.85": 0
      }
    },
    "tension-trust": {
      "p90": 0.267,
      "p95": 0.446,
      "exceedanceRate": {
        "0.50": 0.0306,
        "0.70": 0.0085,
        "0.85": 0
      }
    }
  },
  "couplingHotspots": [
    {
      "pair": "density-phase",
      "p95": 0.845,
      "avg": 0.2894
    },
    {
      "pair": "density-trust",
      "p95": 0.761,
      "avg": 0.2207
    },
    {
      "pair": "entropy-phase",
      "p95": 0.725,
      "avg": 0.4091
    },
    {
      "pair": "flicker-entropy",
      "p95": 0.883,
      "avg": 0.2851
    },
    {
      "pair": "tension-entropy",
      "p95": 0.873,
      "avg": 0.2757
    },
    {
      "pair": "tension-flicker",
      "p95": 0.751,
      "avg": 0.2824
    }
  ],
  "couplingCorrelation": {
    "density-entropy": {
      "pearsonR": -0.6849,
      "meanSigned": 0.1369,
      "direction": "decreasing"
    },
    "density-flicker": {
      "pearsonR": -0.4991,
      "meanSigned": 0.1451,
      "direction": "decreasing"
    },
    "density-phase": {
      "pearsonR": 0.5185,
      "meanSigned": -0.2649,
      "direction": "increasing"
    },
    "density-tension": {
      "pearsonR": 0.5299,
      "meanSigned": 0.2915,
      "direction": "increasing"
    },
    "density-trust": {
      "pearsonR": 0.6749,
      "meanSigned": -0.0033,
      "direction": "increasing"
    },
    "entropy-phase": {
      "pearsonR": 0.3411,
      "meanSigned": -0.1459,
      "direction": "increasing"
    },
    "entropy-trust": {
      "pearsonR": 0.2546,
      "meanSigned": -0.0079,
      "direction": "stable"
    },
    "flicker-entropy": {
      "pearsonR": -0.1414,
      "meanSigned": 0.0289,
      "direction": "stable"
    },
    "flicker-phase": {
      "pearsonR": 0.6983,
      "meanSigned": 0.3791,
      "direction": "increasing"
    },
    "flicker-trust": {
      "pearsonR": 0.6635,
      "meanSigned": 0.216,
      "direction": "increasing"
    },
    "tension-entropy": {
      "pearsonR": -0.6107,
      "meanSigned": -0.0587,
      "direction": "decreasing"
    },
    "tension-flicker": {
      "pearsonR": -0.734,
      "meanSigned": 0.2711,
      "direction": "decreasing"
    },
    "tension-phase": {
      "pearsonR": -0.2523,
      "meanSigned": -0.0822,
      "direction": "stable"
    },
    "tension-trust": {
      "pearsonR": -0.1815,
      "meanSigned": 0.0863,
      "direction": "stable"
    }
  },
  "trustScoreAbs": {
    "cadenceAlignment": {
      "min": 0.0849567032773589,
      "max": 0.231768,
      "avg": 0.1073,
      "count": 674
    },
    "coherenceMonitor": {
      "min": 0.0774225,
      "max": 0.74925,
      "avg": 0.7019,
      "count": 674
    },
    "convergence": {
      "min": 0.019980000000000005,
      "max": 0.25618069374903035,
      "avg": 0.1966,
      "count": 674
    },
    "entropyRegulator": {
      "min": 0.03293578124999998,
      "max": 0.74925,
      "avg": 0.3323,
      "count": 674
    },
    "feedbackOscillator": {
      "min": 0.011988,
      "max": 0.24273276685101622,
      "avg": 0.1297,
      "count": 674
    },
    "phaseLock": {
      "min": 0.014985,
      "max": 0.5927270180873694,
      "avg": 0.4446,