{
  "meta": {
    "generated": "2026-03-03T02:44:54.170Z",
    "traceEntries": 534,
    "version": 1
  },
  "noteCount": {
    "L1": 8253,
    "L2": 11008,
    "total": 19261
  },
  "pitchEntropy": 6.410816207220004,
  "density": {
    "mean": 0.5799177048407694,
    "variance": 0.016220145775162568
  },
  "tensionArc": [
    0.43137091670091204,
    0.6403763826481812,
    0.3738128138584408
  ],
  "trustConvergence": 0.313975,
  "trustFinal": {
    "cadenceAlignment": 0.1481,
    "coherenceMonitor": 0.6596,
    "convergence": 0.1966,
    "entropyRegulator": 0.3762,
    "feedbackOscillator": 0.1451,
    "phaseLock": 0.4467,
    "restSynchronizer": 0.1427,
    "stutterContagion": 0.3968
  },
  "regimeDistribution": {
    "initializing": 0.03745318352059925,
    "evolving": 0.09176029962546817,
    "coherent": 0.5168539325842697,
    "exploring": 0.3539325842696629
  },
  "couplingMeans": {
    "density-entropy": 0.2172,
    "density-flicker": 0.419,
    "density-phase": 0.3202,
    "density-tension": 0.3341,
    "density-trust": 0.2668,
    "entropy-phase": 0.3136,
    "entropy-trust": 0.3042,
    "flicker-entropy": 0.333,
    "flicker-phase": 0.2733,
    "flicker-trust": 0.2628,
    "tension-entropy": 0.3233,
    "tension-flicker": 0.2634,
    "tension-phase": 0.3532,
    "tension-trust": 0.2128
  },
  "activeProfile": "atmospheric"
}