{
  "generated": "2026-03-25T00:53:48.483Z",
  "traced": true,
  "metrics": {
    "playNotes.subsubdiv": {
      "totalMs": 80294.395,
      "count": 228551,
      "avgMs": 0.351319,
      "maxMs": 9.450398
    },
    "playNotes.emitLoop.subsubdiv": {
      "totalMs": 37777.16,
      "count": 221123,
      "avgMs": 0.170842,
      "maxMs": 9.036617
    },
    "playNotesEmitPick.subsubdiv": {
      "totalMs": 37646.92,
      "count": 223717,
      "avgMs": 0.168279,
      "maxMs": 9.030783
    },
    "playNotes.motifs.subsubdiv": {
      "totalMs": 32772.103,
      "count": 221123,
      "avgMs": 0.148208,
      "maxMs": 5.616625
    },
    "playNotes.subdiv": {
      "totalMs": 14317.319,
      "count": 39039,
      "avgMs": 0.366744,
      "maxMs": 5.971494
    },
    "playNotes.emitLoop.subdiv": {
      "totalMs": 6786.6,
      "count": 37635,
      "avgMs": 0.180327,
      "maxMs": 2.613524
    },
    "playNotesEmitPick.subdiv": {
      "totalMs": 6760.062,
      "count": 38219,
      "avgMs": 0.176877,
      "maxMs": 2.608176
    },
    "playNotes.motifs.subdiv": {
      "totalMs": 6557.535,
      "count": 37635,
      "avgMs": 0.17424,
      "maxMs": 1.244261
    },
    "playNotes.resolve.subsubdiv": {
      "totalMs": 5046.286,
      "count": 228551,
      "avgMs": 0.022079,
      "maxMs": 6.880515
    },
    "emitPickCrossLayerRecord.subsubdiv": {
      "totalMs": 3683.611,
      "count": 223717,
      "avgMs": 0.016465,
      "maxMs": 0.960832
    },
    "playNotes.div": {
      "totalMs": 2395.022,
      "count": 6044,
      "avgMs": 0.396264,
      "maxMs": 1.83001
    },
    "stage.beat-setup": {
      "totalMs": 1480.783,
      "count": 1193,
      "avgMs": 1.241226,
      "maxMs": 9.226932
    },
    "playNotes.emitLoop.div": {
      "totalMs": 1157.027,
      "count": 5787,
      "avgMs": 0.199936,
      "maxMs": 1.58031
    },
    "playNotesEmitPick.div": {
      "totalMs": 1151.588,
      "count": 6599,
      "avgMs": 0.174509,
      "maxMs": 0.951082
    },
    "playNotes.motifs.div": {
      "totalMs": 1102.283,
      "count": 5787,
      "avgMs": 0.190476,
      "maxMs": 1.248119
    },
    "stage.emission": {
      "totalMs": 731.197,
      "count": 1193,
      "avgMs": 0.612906,
      "maxMs": 5.884383
    },
    "playNotes.beat": {
      "totalMs": 729.45,
      "count": 1193,
      "avgMs": 0.611442,
      "maxMs": 5.668366
    },
    "emitPickCrossLayerRecord.subdiv": {
      "totalMs": 656.384,
      "count": 38219,
      "avgMs": 0.017174,
      "maxMs": 0.616505
    },
    "playNotes.compute.subsubdiv": {
      "totalMs": 429.448,
      "count": 228551,
      "avgMs": 0.001879,
      "maxMs": 0.618002
    },
    "playNotes.emitLoop.beat": {
      "totalMs": 359.293,
      "count": 1128,
      "avgMs": 0.318522,
      "maxMs": 2.282849
    },
    "playNotesEmitPick.beat": {
      "totalMs": 357.277,
      "count": 2284,
      "avgMs": 0.156426,
      "maxMs": 1.668013
    },
    "playNotes.motifs.beat": {
      "totalMs": 323.297,
      "count": 1128,
      "avgMs": 0.28661,
      "maxMs": 2.474976
    },
    "playNotes.resolve.subdiv": {
      "totalMs": 181.896,
      "count": 39039,
      "avgMs": 0.004659,
      "maxMs": 5.486863
    },
    "playNotes.texture.subsubdiv": {
      "totalMs": 159.207,
      "count": 228551,
      "avgMs": 0.000697,
      "maxMs": 0.503012
    },
    "emitPickCrossLayerRecord.div": {
      "totalMs": 114.45,
      "count": 6599,
      "avgMs": 0.017343,
      "maxMs": 0.66086
    },
    "stage.negotiation": {
      "totalMs": 104.77,
      "count": 1193,
      "avgMs": 0.087821,
      "maxMs": 0.944931
    },
    "playNotes.compute.subdiv": {
      "totalMs": 87.465,
      "count": 39039,
      "avgMs": 0.00224,
      "maxMs": 0.488197
    },
    "playNotes.voiceDistribute.subsubdiv": {
      "totalMs": 75.786,
      "count": 221123,
      "avgMs": 0.000343,
      "maxMs": 0.620978
    },
    "emitPickCrossLayerRecord.beat": {
      "totalMs": 41.948,
      "count": 2284,
      "avgMs": 0.018366,
      "maxMs": 0.336366
    },
    "playNotes.texture.subdiv": {
      "totalMs": 37.549,
      "count": 39039,
      "avgMs": 0.000962,
      "maxMs": 0.52354
    },
    "emitPickSourceTextures.flurry": {
      "totalMs": 34.329,
      "count": 11061,
      "avgMs": 0.003104,
      "maxMs": 0.41393
    },
    "emitPickSourceTextures.chordBurst": {
      "totalMs": 29.423,
      "count": 10411,
      "avgMs": 0.002826,
      "maxMs": 0.330609
    },
    "stage.entropy": {
      "totalMs": 25.481,
      "count": 1193,
      "avgMs": 0.021359,
      "maxMs": 0.136343
    },
    "playNotes.voiceDistribute.subdiv": {
      "totalMs": 16.327,
      "count": 37635,
      "avgMs": 0.000434,
      "maxMs": 0.026473
    },
    "playNotes.compute.div": {
      "totalMs": 14.88,
      "count": 6044,
      "avgMs": 0.002462,
      "maxMs": 0.027667
    },
    "stage.post-beat": {
      "totalMs": 14.193,
      "count": 1193,
      "avgMs": 0.011897,
      "maxMs": 0.264998
    },
    "emitPickReflectionTextures.chordBurst": {
      "totalMs": 11.786,
      "count": 10411,
      "avgMs": 0.001132,
      "maxMs": 0.028895
    },
    "stage.rest": {
      "totalMs": 11.324,
      "count": 1193,
      "avgMs": 0.009492,
      "maxMs": 0.079243
    },
    "stage.climax": {
      "totalMs": 10.395,
      "count": 1193,
      "avgMs": 0.008713,
      "maxMs": 0.122488
    },
    "stage.tension-cadence": {
      "totalMs": 10.081,
      "count": 1193,
      "avgMs": 0.00845,
      "maxMs": 0.079881
    },
    "emitPickReflectionTextures.flurry": {
      "totalMs": 9.654,
      "count": 11061,
      "avgMs": 0.000873,
      "maxMs": 0.02713
    },
    "stage.phase": {
      "totalMs": 8.291,
      "count": 1193,
      "avgMs": 0.006949,
      "maxMs": 0.099432
    },
    "playNotes.compute.beat": {
      "totalMs": 7.6,
      "count": 1193,
      "avgMs": 0.006371,
      "maxMs": 0.246654
    },
    "stage.intent": {
      "totalMs": 7.583,
      "count": 1193,
      "avgMs": 0.006356,
      "maxMs": 0.124448
    },
    "playNotes.resolve.div": {
      "totalMs": 7.55,
      "count": 6044,
      "avgMs": 0.001249,
      "maxMs": 0.006536
    },
    "stage.envelope": {
      "totalMs": 7.055,
      "count": 1193,
      "avgMs": 0.005914,
      "maxMs": 0.09198
    },
    "playNotes.texture.div": {
      "totalMs": 6.078,
      "count": 6044,
      "avgMs": 0.001006,
      "maxMs": 0.005538
    },
    "stage.silhouette": {
      "totalMs": 5.024,
      "count": 1193,
      "avgMs": 0.004211,
      "maxMs": 0.138059
    },
    "playNotes.voiceDistribute.div": {
      "totalMs": 2.93,
      "count": 5787,
      "avgMs": 0.000506,
      "maxMs": 0.015151
    },
    "playNotes.texture.beat": {
      "totalMs": 2.158,
      "count": 1193,
      "avgMs": 0.001809,
      "maxMs": 0.127378
    },
    "stage.probability-adjust": {
      "totalMs": 1.591,
      "count": 1193,
      "avgMs": 0.001333,
      "maxMs": 0.027575
    },
    "playNotes.voiceDistribute.beat": {
      "totalMs": 1.297,
      "count": 1128,
      "avgMs": 0.00115,
      "maxMs": 0.12423
    },
    "stage.complement": {
      "totalMs": 0.909,
      "count": 1193,
      "avgMs": 0.000762,
      "maxMs": 0.020923
    },
    "playNotes.resolve.beat": {
      "totalMs": 0.478,
      "count": 1193,
      "avgMs": 0.0004,
      "maxMs": 0.003921
    }
  }
}
