{
  "generated": "2026-03-25T05:14:10.686Z",
  "traced": true,
  "metrics": {
    "playNotes.subsubdiv": {
      "totalMs": 71120.802,
      "count": 188290,
      "avgMs": 0.377719,
      "maxMs": 13.790752
    },
    "playNotes.emitLoop.subsubdiv": {
      "totalMs": 37390.161,
      "count": 181371,
      "avgMs": 0.206153,
      "maxMs": 5.631008
    },
    "playNotesEmitPick.subsubdiv": {
      "totalMs": 37268.455,
      "count": 183517,
      "avgMs": 0.203079,
      "maxMs": 5.625005
    },
    "playNotes.motifs.subsubdiv": {
      "totalMs": 25611.489,
      "count": 181371,
      "avgMs": 0.14121,
      "maxMs": 13.353842
    },
    "playNotes.subdiv": {
      "totalMs": 13107.499,
      "count": 32180,
      "avgMs": 0.407318,
      "maxMs": 9.25686
    },
    "playNotes.emitLoop.subdiv": {
      "totalMs": 6750.793,
      "count": 30943,
      "avgMs": 0.218169,
      "maxMs": 8.735432
    },
    "playNotesEmitPick.subdiv": {
      "totalMs": 6724.395,
      "count": 31438,
      "avgMs": 0.213894,
      "maxMs": 8.728536
    },
    "playNotes.motifs.subdiv": {
      "totalMs": 5505.075,
      "count": 30943,
      "avgMs": 0.17791,
      "maxMs": 1.615713
    },
    "playNotes.resolve.subsubdiv": {
      "totalMs": 4071.982,
      "count": 188290,
      "avgMs": 0.021626,
      "maxMs": 6.961175
    },
    "emitPickCrossLayerRecord.subsubdiv": {
      "totalMs": 3223.65,
      "count": 183517,
      "avgMs": 0.017566,
      "maxMs": 1.030573
    },
    "playNotes.div": {
      "totalMs": 2239.825,
      "count": 5041,
      "avgMs": 0.444322,
      "maxMs": 2.119549
    },
    "stage.beat-setup": {
      "totalMs": 1221.251,
      "count": 954,
      "avgMs": 1.280138,
      "maxMs": 8.761154
    },
    "playNotes.emitLoop.div": {
      "totalMs": 1176.406,
      "count": 4810,
      "avgMs": 0.244575,
      "maxMs": 1.494916
    },
    "playNotesEmitPick.div": {
      "totalMs": 1171.061,
      "count": 5503,
      "avgMs": 0.212804,
      "maxMs": 1.201481
    },
    "playNotes.motifs.div": {
      "totalMs": 943.302,
      "count": 4810,
      "avgMs": 0.196113,
      "maxMs": 1.042623
    },
    "stage.emission": {
      "totalMs": 665.584,
      "count": 954,
      "avgMs": 0.697677,
      "maxMs": 3.782713
    },
    "playNotes.beat": {
      "totalMs": 664.143,
      "count": 954,
      "avgMs": 0.696167,
      "maxMs": 3.568933
    },
    "emitPickCrossLayerRecord.subdiv": {
      "totalMs": 576.451,
      "count": 31438,
      "avgMs": 0.018336,
      "maxMs": 0.554926
    },
    "playNotes.emitLoop.beat": {
      "totalMs": 350.909,
      "count": 880,
      "avgMs": 0.39876,
      "maxMs": 3.172486
    },
    "playNotes.compute.subsubdiv": {
      "totalMs": 350.054,
      "count": 188290,
      "avgMs": 0.001859,
      "maxMs": 0.602146
    },
    "playNotesEmitPick.beat": {
      "totalMs": 348.996,
      "count": 1785,
      "avgMs": 0.195516,
      "maxMs": 2.57559
    },
    "playNotes.motifs.beat": {
      "totalMs": 272.981,
      "count": 880,
      "avgMs": 0.310206,
      "maxMs": 1.189654
    },
    "playNotes.resolve.subdiv": {
      "totalMs": 167.983,
      "count": 32180,
      "avgMs": 0.00522,
      "maxMs": 8.398371
    },
    "playNotes.texture.subsubdiv": {
      "totalMs": 134.168,
      "count": 188290,
      "avgMs": 0.000713,
      "maxMs": 0.500184
    },
    "emitPickCrossLayerRecord.div": {
      "totalMs": 101.847,
      "count": 5503,
      "avgMs": 0.018508,
      "maxMs": 0.262771
    },
    "stage.negotiation": {
      "totalMs": 89.636,
      "count": 954,
      "avgMs": 0.093958,
      "maxMs": 0.948997
    },
    "playNotes.compute.subdiv": {
      "totalMs": 75.089,
      "count": 32180,
      "avgMs": 0.002333,
      "maxMs": 0.031751
    },
    "playNotes.voiceDistribute.subsubdiv": {
      "totalMs": 68.559,
      "count": 181371,
      "avgMs": 0.000378,
      "maxMs": 0.039547
    },
    "emitPickCrossLayerRecord.beat": {
      "totalMs": 35.912,
      "count": 1785,
      "avgMs": 0.020119,
      "maxMs": 0.331509
    },
    "playNotes.texture.subdiv": {
      "totalMs": 32.475,
      "count": 32180,
      "avgMs": 0.001009,
      "maxMs": 0.032796
    },
    "emitPickSourceTextures.flurry": {
      "totalMs": 29.87,
      "count": 8698,
      "avgMs": 0.003434,
      "maxMs": 0.083715
    },
    "emitPickSourceTextures.chordBurst": {
      "totalMs": 24.17,
      "count": 7552,
      "avgMs": 0.003201,
      "maxMs": 0.645802
    },
    "stage.entropy": {
      "totalMs": 22.405,
      "count": 954,
      "avgMs": 0.023485,
      "maxMs": 0.216219
    },
    "playNotes.voiceDistribute.subdiv": {
      "totalMs": 14.761,
      "count": 30943,
      "avgMs": 0.000477,
      "maxMs": 0.031364
    },
    "playNotes.compute.div": {
      "totalMs": 13.176,
      "count": 5041,
      "avgMs": 0.002614,
      "maxMs": 0.02917
    },
    "stage.post-beat": {
      "totalMs": 12.357,
      "count": 954,
      "avgMs": 0.012953,
      "maxMs": 0.281794
    },
    "emitPickReflectionTextures.chordBurst": {
      "totalMs": 10.798,
      "count": 7552,
      "avgMs": 0.00143,
      "maxMs": 0.594175
    },
    "stage.rest": {
      "totalMs": 10.329,
      "count": 954,
      "avgMs": 0.010827,
      "maxMs": 0.083829
    },
    "stage.tension-cadence": {
      "totalMs": 9.42,
      "count": 954,
      "avgMs": 0.009874,
      "maxMs": 0.111025
    },
    "emitPickReflectionTextures.flurry": {
      "totalMs": 8.656,
      "count": 8698,
      "avgMs": 0.000995,
      "maxMs": 0.021553
    },
    "stage.climax": {
      "totalMs": 8.655,
      "count": 954,
      "avgMs": 0.009072,
      "maxMs": 0.123567
    },
    "stage.phase": {
      "totalMs": 7.63,
      "count": 954,
      "avgMs": 0.007998,
      "maxMs": 0.131488
    },
    "playNotes.resolve.div": {
      "totalMs": 6.523,
      "count": 5041,
      "avgMs": 0.001294,
      "maxMs": 0.026489
    },
    "stage.intent": {
      "totalMs": 6.468,
      "count": 954,
      "avgMs": 0.00678,
      "maxMs": 0.126524
    },
    "playNotes.compute.beat": {
      "totalMs": 6.388,
      "count": 954,
      "avgMs": 0.006696,
      "maxMs": 0.241492
    },
    "stage.envelope": {
      "totalMs": 6.31,
      "count": 954,
      "avgMs": 0.006614,
      "maxMs": 0.104496
    },
    "playNotes.texture.div": {
      "totalMs": 5.692,
      "count": 5041,
      "avgMs": 0.001129,
      "maxMs": 0.00903
    },
    "stage.silhouette": {
      "totalMs": 5.084,
      "count": 954,
      "avgMs": 0.005329,
      "maxMs": 0.172033
    },
    "playNotes.voiceDistribute.div": {
      "totalMs": 3.132,
      "count": 4810,
      "avgMs": 0.000651,
      "maxMs": 0.397778
    },
    "playNotes.texture.beat": {
      "totalMs": 2.093,
      "count": 954,
      "avgMs": 0.002194,
      "maxMs": 0.135842
    },
    "stage.probability-adjust": {
      "totalMs": 1.43,
      "count": 954,
      "avgMs": 0.001499,
      "maxMs": 0.027252
    },
    "playNotes.voiceDistribute.beat": {
      "totalMs": 1.114,
      "count": 880,
      "avgMs": 0.001266,
      "maxMs": 0.093318
    },
    "stage.complement": {
      "totalMs": 0.899,
      "count": 954,
      "avgMs": 0.000943,
      "maxMs": 0.026621
    },
    "playNotes.resolve.beat": {
      "totalMs": 0.431,
      "count": 954,
      "avgMs": 0.000451,
      "maxMs": 0.003249
    }
  }
}
