{
  "generated": "2026-03-24T04:21:31.256Z",
  "traced": true,
  "metrics": {
    "playNotes.subsubdiv": {
      "totalMs": 50188.667,
      "count": 128365,
      "avgMs": 0.390984,
      "maxMs": 7.492369
    },
    "playNotes.emitLoop.subsubdiv": {
      "totalMs": 28414.971,
      "count": 122277,
      "avgMs": 0.232382,
      "maxMs": 7.219385
    },
    "playNotesEmitPick.subsubdiv": {
      "totalMs": 28331.874,
      "count": 123577,
      "avgMs": 0.229265,
      "maxMs": 7.21352
    },
    "playNotes.motifs.subsubdiv": {
      "totalMs": 16153.303,
      "count": 122277,
      "avgMs": 0.132104,
      "maxMs": 5.069788
    },
    "playNotes.subdiv": {
      "totalMs": 9093.947,
      "count": 22045,
      "avgMs": 0.412517,
      "maxMs": 6.072852
    },
    "playNotes.emitLoop.subdiv": {
      "totalMs": 5084.267,
      "count": 20855,
      "avgMs": 0.243791,
      "maxMs": 1.75131
    },
    "playNotesEmitPick.subdiv": {
      "totalMs": 5066.531,
      "count": 21153,
      "avgMs": 0.239518,
      "maxMs": 1.321967
    },
    "playNotes.motifs.subdiv": {
      "totalMs": 3451.341,
      "count": 20855,
      "avgMs": 0.165492,
      "maxMs": 1.043007
    },
    "playNotes.resolve.subsubdiv": {
      "totalMs": 2960.36,
      "count": 128365,
      "avgMs": 0.023062,
      "maxMs": 6.661795
    },
    "emitPickCrossLayerRecord.subsubdiv": {
      "totalMs": 2221.585,
      "count": 123577,
      "avgMs": 0.017977,
      "maxMs": 1.045167
    },
    "playNotes.div": {
      "totalMs": 1519.546,
      "count": 3453,
      "avgMs": 0.440066,
      "maxMs": 2.451298
    },
    "stage.beat-setup": {
      "totalMs": 897.472,
      "count": 691,
      "avgMs": 1.298802,
      "maxMs": 12.426654
    },
    "playNotes.emitLoop.div": {
      "totalMs": 859.261,
      "count": 3195,
      "avgMs": 0.268939,
      "maxMs": 1.956598
    },
    "playNotesEmitPick.div": {
      "totalMs": 855.891,
      "count": 3594,
      "avgMs": 0.238144,
      "maxMs": 1.953318
    },
    "playNotes.motifs.div": {
      "totalMs": 581.324,
      "count": 3195,
      "avgMs": 0.181948,
      "maxMs": 1.006892
    },
    "stage.emission": {
      "totalMs": 473.105,
      "count": 691,
      "avgMs": 0.684668,
      "maxMs": 5.894726
    },
    "playNotes.beat": {
      "totalMs": 471.906,
      "count": 691,
      "avgMs": 0.682931,
      "maxMs": 5.683265
    },
    "emitPickCrossLayerRecord.subdiv": {
      "totalMs": 396.318,
      "count": 21153,
      "avgMs": 0.018736,
      "maxMs": 0.632848
    },
    "playNotes.emitLoop.beat": {
      "totalMs": 269.857,
      "count": 612,
      "avgMs": 0.440943,
      "maxMs": 2.833889
    },
    "playNotesEmitPick.beat": {
      "totalMs": 268.301,
      "count": 1241,
      "avgMs": 0.216197,
      "maxMs": 1.673146
    },
    "playNotes.compute.subsubdiv": {
      "totalMs": 238.064,
      "count": 128365,
      "avgMs": 0.001855,
      "maxMs": 0.622034
    },
    "playNotes.motifs.beat": {
      "totalMs": 174.161,
      "count": 612,
      "avgMs": 0.284577,
      "maxMs": 1.992895
    },
    "playNotes.resolve.subdiv": {
      "totalMs": 110.785,
      "count": 22045,
      "avgMs": 0.005025,
      "maxMs": 4.971244
    },
    "playNotes.texture.subsubdiv": {
      "totalMs": 93.155,
      "count": 128365,
      "avgMs": 0.000726,
      "maxMs": 0.411161
    },
    "emitPickCrossLayerRecord.div": {
      "totalMs": 67.819,
      "count": 3594,
      "avgMs": 0.01887,
      "maxMs": 0.068566
    },
    "stage.negotiation": {
      "totalMs": 59.788,
      "count": 691,
      "avgMs": 0.086524,
      "maxMs": 0.944156
    },
    "playNotes.compute.subdiv": {
      "totalMs": 50.15,
      "count": 22045,
      "avgMs": 0.002275,
      "maxMs": 0.546219
    },
    "playNotes.voiceDistribute.subsubdiv": {
      "totalMs": 44.187,
      "count": 122277,
      "avgMs": 0.000361,
      "maxMs": 0.034004
    },
    "emitPickCrossLayerRecord.beat": {
      "totalMs": 26.38,
      "count": 1241,
      "avgMs": 0.021257,
      "maxMs": 0.329458
    },
    "emitPickSourceTextures.flurry": {
      "totalMs": 22.417,
      "count": 5441,
      "avgMs": 0.00412,
      "maxMs": 0.484732
    },
    "playNotes.texture.subdiv": {
      "totalMs": 21.722,
      "count": 22045,
      "avgMs": 0.000985,
      "maxMs": 0.027687
    },
    "stage.entropy": {
      "totalMs": 19.706,
      "count": 691,
      "avgMs": 0.028518,
      "maxMs": 0.56361
    },
    "emitPickSourceTextures.chordBurst": {
      "totalMs": 13.184,
      "count": 3545,
      "avgMs": 0.003719,
      "maxMs": 0.572869
    },
    "stage.post-beat": {
      "totalMs": 10.15,
      "count": 691,
      "avgMs": 0.014689,
      "maxMs": 0.272332
    },
    "playNotes.voiceDistribute.subdiv": {
      "totalMs": 9.744,
      "count": 20855,
      "avgMs": 0.000467,
      "maxMs": 0.029638
    },
    "playNotes.compute.div": {
      "totalMs": 8.722,
      "count": 3453,
      "avgMs": 0.002526,
      "maxMs": 0.028649
    },
    "stage.tension-cadence": {
      "totalMs": 8.453,
      "count": 691,
      "avgMs": 0.012234,
      "maxMs": 0.082046
    },
    "stage.rest": {
      "totalMs": 8.002,
      "count": 691,
      "avgMs": 0.01158,
      "maxMs": 0.065255
    },
    "stage.climax": {
      "totalMs": 6.821,
      "count": 691,
      "avgMs": 0.009872,
      "maxMs": 0.120181
    },
    "emitPickReflectionTextures.flurry": {
      "totalMs": 6.597,
      "count": 5441,
      "avgMs": 0.001212,
      "maxMs": 0.204546
    },
    "stage.phase": {
      "totalMs": 6.384,
      "count": 691,
      "avgMs": 0.009238,
      "maxMs": 0.0963
    },
    "stage.intent": {
      "totalMs": 5.103,
      "count": 691,
      "avgMs": 0.007385,
      "maxMs": 0.105123
    },
    "emitPickReflectionTextures.chordBurst": {
      "totalMs": 4.892,
      "count": 3545,
      "avgMs": 0.00138,
      "maxMs": 0.028058
    },
    "stage.envelope": {
      "totalMs": 4.802,
      "count": 691,
      "avgMs": 0.00695,
      "maxMs": 0.081436
    },
    "playNotes.resolve.div": {
      "totalMs": 4.612,
      "count": 3453,
      "avgMs": 0.001336,
      "maxMs": 0.021585
    },
    "playNotes.compute.beat": {
      "totalMs": 4.206,
      "count": 691,
      "avgMs": 0.006087,
      "maxMs": 0.240348
    },
    "stage.silhouette": {
      "totalMs": 3.861,
      "count": 691,
      "avgMs": 0.005588,
      "maxMs": 0.134015
    },
    "playNotes.texture.div": {
      "totalMs": 3.665,
      "count": 3453,
      "avgMs": 0.001061,
      "maxMs": 0.008203
    },
    "playNotes.voiceDistribute.div": {
      "totalMs": 1.767,
      "count": 3195,
      "avgMs": 0.000553,
      "maxMs": 0.005505
    },
    "playNotes.texture.beat": {
      "totalMs": 1.477,
      "count": 691,
      "avgMs": 0.002138,
      "maxMs": 0.131054
    },
    "stage.probability-adjust": {
      "totalMs": 1.103,
      "count": 691,
      "avgMs": 0.001596,
      "maxMs": 0.024519
    },
    "playNotes.voiceDistribute.beat": {
      "totalMs": 0.853,
      "count": 612,
      "avgMs": 0.001394,
      "maxMs": 0.106055
    },
    "stage.complement": {
      "totalMs": 0.808,
      "count": 691,
      "avgMs": 0.00117,
      "maxMs": 0.027139
    },
    "playNotes.resolve.beat": {
      "totalMs": 0.251,
      "count": 691,
      "avgMs": 0.000364,
      "maxMs": 0.003008
    }
  }
}
