{
  "generated": "2026-03-25T03:20:40.608Z",
  "traced": true,
  "metrics": {
    "playNotes.subsubdiv": {
      "totalMs": 68162.852,
      "count": 168648,
      "avgMs": 0.404172,
      "maxMs": 10.731702
    },
    "playNotes.emitLoop.subsubdiv": {
      "totalMs": 36628.457,
      "count": 162376,
      "avgMs": 0.225578,
      "maxMs": 5.576197
    },
    "playNotesEmitPick.subsubdiv": {
      "totalMs": 36494.074,
      "count": 164323,
      "avgMs": 0.222087,
      "maxMs": 5.569934
    },
    "playNotes.motifs.subsubdiv": {
      "totalMs": 23357.725,
      "count": 162376,
      "avgMs": 0.14385,
      "maxMs": 9.681496
    },
    "playNotes.subdiv": {
      "totalMs": 12295.731,
      "count": 28867,
      "avgMs": 0.425944,
      "maxMs": 14.882493
    },
    "playNotes.emitLoop.subdiv": {
      "totalMs": 6653.793,
      "count": 27672,
      "avgMs": 0.240452,
      "maxMs": 1.970494
    },
    "playNotesEmitPick.subdiv": {
      "totalMs": 6623.828,
      "count": 28118,
      "avgMs": 0.235573,
      "maxMs": 1.925462
    },
    "playNotes.motifs.subdiv": {
      "totalMs": 4843.761,
      "count": 27672,
      "avgMs": 0.175042,
      "maxMs": 14.140538
    },
    "playNotes.resolve.subsubdiv": {
      "totalMs": 4070.827,
      "count": 168648,
      "avgMs": 0.024138,
      "maxMs": 9.648418
    },
    "emitPickCrossLayerRecord.subsubdiv": {
      "totalMs": 3256.805,
      "count": 164323,
      "avgMs": 0.01982,
      "maxMs": 1.964688
    },
    "playNotes.div": {
      "totalMs": 2092.287,
      "count": 4491,
      "avgMs": 0.465884,
      "maxMs": 4.206922
    },
    "stage.beat-setup": {
      "totalMs": 1239.729,
      "count": 880,
      "avgMs": 1.408783,
      "maxMs": 11.057337
    },
    "playNotes.emitLoop.div": {
      "totalMs": 1151.969,
      "count": 4240,
      "avgMs": 0.271691,
      "maxMs": 2.277308
    },
    "playNotesEmitPick.div": {
      "totalMs": 1146.898,
      "count": 4872,
      "avgMs": 0.235406,
      "maxMs": 1.463838
    },
    "playNotes.motifs.div": {
      "totalMs": 822.474,
      "count": 4240,
      "avgMs": 0.19398,
      "maxMs": 3.688559
    },
    "stage.emission": {
      "totalMs": 655.357,
      "count": 880,
      "avgMs": 0.744723,
      "maxMs": 3.966569
    },
    "playNotes.beat": {
      "totalMs": 653.447,
      "count": 880,
      "avgMs": 0.742553,
      "maxMs": 3.742725
    },
    "emitPickCrossLayerRecord.subdiv": {
      "totalMs": 579.695,
      "count": 28118,
      "avgMs": 0.020617,
      "maxMs": 0.222818
    },
    "playNotes.emitLoop.beat": {
      "totalMs": 374.514,
      "count": 810,
      "avgMs": 0.462363,
      "maxMs": 2.616345
    },
    "playNotesEmitPick.beat": {
      "totalMs": 372.46,
      "count": 1633,
      "avgMs": 0.228083,
      "maxMs": 1.841988
    },
    "playNotes.compute.subsubdiv": {
      "totalMs": 361.143,
      "count": 168648,
      "avgMs": 0.002141,
      "maxMs": 0.678446
    },
    "playNotes.motifs.beat": {
      "totalMs": 238.166,
      "count": 810,
      "avgMs": 0.294032,
      "maxMs": 2.169108
    },
    "playNotes.texture.subsubdiv": {
      "totalMs": 144.123,
      "count": 168648,
      "avgMs": 0.000855,
      "maxMs": 0.185416
    },
    "playNotes.resolve.subdiv": {
      "totalMs": 125.527,
      "count": 28867,
      "avgMs": 0.004348,
      "maxMs": 5.276495
    },
    "emitPickCrossLayerRecord.div": {
      "totalMs": 100.868,
      "count": 4872,
      "avgMs": 0.020704,
      "maxMs": 0.179813
    },
    "stage.negotiation": {
      "totalMs": 86.363,
      "count": 880,
      "avgMs": 0.09814,
      "maxMs": 0.98084
    },
    "playNotes.voiceDistribute.subsubdiv": {
      "totalMs": 76.338,
      "count": 162376,
      "avgMs": 0.00047,
      "maxMs": 0.483978
    },
    "playNotes.compute.subdiv": {
      "totalMs": 75.03,
      "count": 28867,
      "avgMs": 0.002599,
      "maxMs": 0.691745
    },
    "emitPickCrossLayerRecord.beat": {
      "totalMs": 38.687,
      "count": 1633,
      "avgMs": 0.023691,
      "maxMs": 0.349527
    },
    "playNotes.texture.subdiv": {
      "totalMs": 33.834,
      "count": 28867,
      "avgMs": 0.001172,
      "maxMs": 0.674268
    },
    "emitPickSourceTextures.flurry": {
      "totalMs": 33.182,
      "count": 8416,
      "avgMs": 0.003943,
      "maxMs": 0.105209
    },
    "emitPickSourceTextures.chordBurst": {
      "totalMs": 27.246,
      "count": 7354,
      "avgMs": 0.003705,
      "maxMs": 0.579682
    },
    "stage.entropy": {
      "totalMs": 24.291,
      "count": 880,
      "avgMs": 0.027603,
      "maxMs": 0.217965
    },
    "playNotes.voiceDistribute.subdiv": {
      "totalMs": 17.203,
      "count": 27672,
      "avgMs": 0.000622,
      "maxMs": 0.533316
    },
    "stage.post-beat": {
      "totalMs": 13.013,
      "count": 880,
      "avgMs": 0.014787,
      "maxMs": 0.275913
    },
    "playNotes.compute.div": {
      "totalMs": 12.593,
      "count": 4491,
      "avgMs": 0.002804,
      "maxMs": 0.067392
    },
    "stage.rest": {
      "totalMs": 11.702,
      "count": 880,
      "avgMs": 0.013298,
      "maxMs": 0.09271
    },
    "emitPickReflectionTextures.chordBurst": {
      "totalMs": 10.983,
      "count": 7354,
      "avgMs": 0.001493,
      "maxMs": 0.085868
    },
    "stage.tension-cadence": {
      "totalMs": 10.59,
      "count": 880,
      "avgMs": 0.012035,
      "maxMs": 0.16661
    },
    "emitPickReflectionTextures.flurry": {
      "totalMs": 9.936,
      "count": 8416,
      "avgMs": 0.001181,
      "maxMs": 0.051076
    },
    "stage.climax": {
      "totalMs": 9.495,
      "count": 880,
      "avgMs": 0.010789,
      "maxMs": 0.132085
    },
    "stage.phase": {
      "totalMs": 8.874,
      "count": 880,
      "avgMs": 0.010084,
      "maxMs": 0.588113
    },
    "stage.intent": {
      "totalMs": 7.594,
      "count": 880,
      "avgMs": 0.008629,
      "maxMs": 0.143628
    },
    "stage.envelope": {
      "totalMs": 6.873,
      "count": 880,
      "avgMs": 0.007811,
      "maxMs": 0.097217
    },
    "playNotes.resolve.div": {
      "totalMs": 6.351,
      "count": 4491,
      "avgMs": 0.001414,
      "maxMs": 0.043145
    },
    "playNotes.compute.beat": {
      "totalMs": 5.962,
      "count": 880,
      "avgMs": 0.006775,
      "maxMs": 0.248434
    },
    "stage.silhouette": {
      "totalMs": 5.633,
      "count": 880,
      "avgMs": 0.006401,
      "maxMs": 0.173462
    },
    "playNotes.texture.div": {
      "totalMs": 5.178,
      "count": 4491,
      "avgMs": 0.001153,
      "maxMs": 0.085741
    },
    "playNotes.voiceDistribute.div": {
      "totalMs": 2.987,
      "count": 4240,
      "avgMs": 0.000704,
      "maxMs": 0.03866
    },
    "playNotes.texture.beat": {
      "totalMs": 2.025,
      "count": 880,
      "avgMs": 0.002301,
      "maxMs": 0.136858
    },
    "stage.probability-adjust": {
      "totalMs": 1.413,
      "count": 880,
      "avgMs": 0.001606,
      "maxMs": 0.021224
    },
    "playNotes.voiceDistribute.beat": {
      "totalMs": 1.207,
      "count": 810,
      "avgMs": 0.00149,
      "maxMs": 0.097119
    },
    "stage.complement": {
      "totalMs": 0.999,
      "count": 880,
      "avgMs": 0.001135,
      "maxMs": 0.049341
    },
    "playNotes.resolve.beat": {
      "totalMs": 0.361,
      "count": 880,
      "avgMs": 0.000411,
      "maxMs": 0.002779
    }
  }
}
