{
  "generated": "2026-03-26T07:05:50.739Z",
  "traced": true,
  "metrics": {
    "playNotes.subsubdiv": {
      "totalMs": 75341.923,
      "count": 214236,
      "avgMs": 0.351677,
      "maxMs": 11.447789
    },
    "playNotes.emitLoop.subsubdiv": {
      "totalMs": 38630.942,
      "count": 205909,
      "avgMs": 0.187612,
      "maxMs": 3.177056
    },
    "playNotesEmitPick.subsubdiv": {
      "totalMs": 38497.966,
      "count": 208375,
      "avgMs": 0.184753,
      "maxMs": 3.172345
    },
    "playNotes.motifs.subsubdiv": {
      "totalMs": 27670.858,
      "count": 205909,
      "avgMs": 0.134384,
      "maxMs": 1.75309
    },
    "playNotes.subdiv": {
      "totalMs": 13609.976,
      "count": 36711,
      "avgMs": 0.370733,
      "maxMs": 5.445893
    },
    "playNotes.emitLoop.subdiv": {
      "totalMs": 7005.961,
      "count": 35234,
      "avgMs": 0.198841,
      "maxMs": 2.500983
    },
    "playNotesEmitPick.subdiv": {
      "totalMs": 6977.116,
      "count": 35805,
      "avgMs": 0.194864,
      "maxMs": 2.499605
    },
    "playNotes.motifs.subdiv": {
      "totalMs": 5652.839,
      "count": 35234,
      "avgMs": 0.160437,
      "maxMs": 1.034351
    },
    "playNotes.resolve.subsubdiv": {
      "totalMs": 4560.76,
      "count": 214236,
      "avgMs": 0.021288,
      "maxMs": 11.389365
    },
    "emitPickCrossLayerRecord.subsubdiv": {
      "totalMs": 3433.875,
      "count": 208375,
      "avgMs": 0.016479,
      "maxMs": 0.642059
    },
    "playNotes.div": {
      "totalMs": 2328.295,
      "count": 5791,
      "avgMs": 0.402054,
      "maxMs": 5.491653
    },
    "stage.beat-setup": {
      "totalMs": 1262.468,
      "count": 1115,
      "avgMs": 1.132258,
      "maxMs": 8.190047
    },
    "playNotes.emitLoop.div": {
      "totalMs": 1227.871,
      "count": 5516,
      "avgMs": 0.222602,
      "maxMs": 1.857865
    },
    "playNotesEmitPick.div": {
      "totalMs": 1221.678,
      "count": 6276,
      "avgMs": 0.194659,
      "maxMs": 1.24112
    },
    "playNotes.motifs.div": {
      "totalMs": 963.203,
      "count": 5516,
      "avgMs": 0.17462,
      "maxMs": 1.064179
    },
    "stage.emission": {
      "totalMs": 693.67,
      "count": 1115,
      "avgMs": 0.622125,
      "maxMs": 3.783331
    },
    "playNotes.beat": {
      "totalMs": 692.047,
      "count": 1115,
      "avgMs": 0.62067,
      "maxMs": 3.553473
    },
    "emitPickCrossLayerRecord.subdiv": {
      "totalMs": 611.781,
      "count": 35805,
      "avgMs": 0.017086,
      "maxMs": 0.610369
    },
    "playNotes.compute.subsubdiv": {
      "totalMs": 376.89,
      "count": 214236,
      "avgMs": 0.001759,
      "maxMs": 0.672207
    },
    "playNotes.emitLoop.beat": {
      "totalMs": 374.087,
      "count": 1052,
      "avgMs": 0.355596,
      "maxMs": 2.077696
    },
    "playNotesEmitPick.beat": {
      "totalMs": 371.89,
      "count": 2139,
      "avgMs": 0.173862,
      "maxMs": 1.763389
    },
    "playNotes.motifs.beat": {
      "totalMs": 274.896,
      "count": 1052,
      "avgMs": 0.261308,
      "maxMs": 1.075951
    },
    "playNotes.resolve.subdiv": {
      "totalMs": 208.207,
      "count": 36711,
      "avgMs": 0.005672,
      "maxMs": 4.914946
    },
    "playNotes.texture.subsubdiv": {
      "totalMs": 155.433,
      "count": 214236,
      "avgMs": 0.000726,
      "maxMs": 0.703886
    },
    "emitPickCrossLayerRecord.div": {
      "totalMs": 107.556,
      "count": 6276,
      "avgMs": 0.017138,
      "maxMs": 0.073029
    },
    "stage.negotiation": {
      "totalMs": 100.942,
      "count": 1115,
      "avgMs": 0.090531,
      "maxMs": 0.973055
    },
    "playNotes.compute.subdiv": {
      "totalMs": 75.815,
      "count": 36711,
      "avgMs": 0.002065,
      "maxMs": 0.393312
    },
    "playNotes.voiceDistribute.subsubdiv": {
      "totalMs": 70.442,
      "count": 205909,
      "avgMs": 0.000342,
      "maxMs": 0.039809
    },
    "emitPickCrossLayerRecord.beat": {
      "totalMs": 39.337,
      "count": 2139,
      "avgMs": 0.01839,
      "maxMs": 0.334888
    },
    "playNotes.texture.subdiv": {
      "totalMs": 37.451,
      "count": 36711,
      "avgMs": 0.00102,
      "maxMs": 0.027949
    },
    "emitPickSourceTextures.flurry": {
      "totalMs": 27.145,
      "count": 8667,
      "avgMs": 0.003132,
      "maxMs": 0.0937
    },
    "emitPickSourceTextures.chordBurst": {
      "totalMs": 24.211,
      "count": 8673,
      "avgMs": 0.002792,
      "maxMs": 0.079604
    },
    "stage.entropy": {
      "totalMs": 21.844,
      "count": 1115,
      "avgMs": 0.019591,
      "maxMs": 0.227313
    },
    "playNotes.voiceDistribute.subdiv": {
      "totalMs": 15.032,
      "count": 35234,
      "avgMs": 0.000427,
      "maxMs": 0.014179
    },
    "stage.post-beat": {
      "totalMs": 14.93,
      "count": 1115,
      "avgMs": 0.01339,
      "maxMs": 0.272289
    },
    "playNotes.compute.div": {
      "totalMs": 13.147,
      "count": 5791,
      "avgMs": 0.00227,
      "maxMs": 0.024444
    },
    "playNotes.resolve.div": {
      "totalMs": 12.306,
      "count": 5791,
      "avgMs": 0.002125,
      "maxMs": 5.17679
    },
    "stage.tension-cadence": {
      "totalMs": 10.805,
      "count": 1115,
      "avgMs": 0.00969,
      "maxMs": 0.082547
    },
    "emitPickReflectionTextures.chordBurst": {
      "totalMs": 10.225,
      "count": 8673,
      "avgMs": 0.001179,
      "maxMs": 0.499589
    },
    "stage.climax": {
      "totalMs": 9.741,
      "count": 1115,
      "avgMs": 0.008736,
      "maxMs": 0.126761
    },
    "stage.rest": {
      "totalMs": 9.663,
      "count": 1115,
      "avgMs": 0.008666,
      "maxMs": 0.078133
    },
    "stage.phase": {
      "totalMs": 7.813,
      "count": 1115,
      "avgMs": 0.007007,
      "maxMs": 0.128127
    },
    "emitPickReflectionTextures.flurry": {
      "totalMs": 7.799,
      "count": 8667,
      "avgMs": 0.0009,
      "maxMs": 0.039927
    },
    "stage.intent": {
      "totalMs": 6.812,
      "count": 1115,
      "avgMs": 0.00611,
      "maxMs": 0.10196
    },
    "stage.envelope": {
      "totalMs": 6.712,
      "count": 1115,
      "avgMs": 0.00602,
      "maxMs": 0.105232
    },
    "playNotes.texture.div": {
      "totalMs": 6.229,
      "count": 5791,
      "avgMs": 0.001076,
      "maxMs": 0.01024
    },
    "playNotes.compute.beat": {
      "totalMs": 6.021,
      "count": 1115,
      "avgMs": 0.0054,
      "maxMs": 0.242074
    },
    "stage.silhouette": {
      "totalMs": 5.096,
      "count": 1115,
      "avgMs": 0.004571,
      "maxMs": 0.167788
    },
    "playNotes.voiceDistribute.div": {
      "totalMs": 2.72,
      "count": 5516,
      "avgMs": 0.000493,
      "maxMs": 0.021687
    },
    "playNotes.texture.beat": {
      "totalMs": 2.037,
      "count": 1115,
      "avgMs": 0.001827,
      "maxMs": 0.12868
    },
    "stage.probability-adjust": {
      "totalMs": 1.468,
      "count": 1115,
      "avgMs": 0.001317,
      "maxMs": 0.027315
    },
    "playNotes.voiceDistribute.beat": {
      "totalMs": 1.139,
      "count": 1052,
      "avgMs": 0.001083,
      "maxMs": 0.092485
    },
    "stage.complement": {
      "totalMs": 0.924,
      "count": 1115,
      "avgMs": 0.000829,
      "maxMs": 0.020507
    },
    "playNotes.resolve.beat": {
      "totalMs": 0.468,
      "count": 1115,
      "avgMs": 0.00042,
      "maxMs": 0.00276
    }
  }
}
