{
  "generated": "2026-03-24T12:43:42.902Z",
  "traced": true,
  "metrics": {
    "playNotes.subsubdiv": {
      "totalMs": 51488.491,
      "count": 140939,
      "avgMs": 0.365325,
      "maxMs": 16.332831
    },
    "playNotes.emitLoop.subsubdiv": {
      "totalMs": 27708.967,
      "count": 135045,
      "avgMs": 0.205183,
      "maxMs": 1.760745
    },
    "playNotesEmitPick.subsubdiv": {
      "totalMs": 27624.761,
      "count": 136660,
      "avgMs": 0.202142,
      "maxMs": 1.759928
    },
    "playNotes.motifs.subsubdiv": {
      "totalMs": 17964.549,
      "count": 135045,
      "avgMs": 0.133026,
      "maxMs": 5.632324
    },
    "playNotes.subdiv": {
      "totalMs": 9312.697,
      "count": 24018,
      "avgMs": 0.387738,
      "maxMs": 5.775525
    },
    "playNotes.emitLoop.subdiv": {
      "totalMs": 4946.779,
      "count": 22903,
      "avgMs": 0.215988,
      "maxMs": 1.542026
    },
    "playNotesEmitPick.subdiv": {
      "totalMs": 4928.869,
      "count": 23277,
      "avgMs": 0.211748,
      "maxMs": 1.540881
    },
    "playNotes.motifs.subdiv": {
      "totalMs": 3795.227,
      "count": 22903,
      "avgMs": 0.165709,
      "maxMs": 3.395259
    },
    "playNotes.resolve.subsubdiv": {
      "totalMs": 3035.188,
      "count": 140939,
      "avgMs": 0.021535,
      "maxMs": 15.721215
    },
    "emitPickCrossLayerRecord.subsubdiv": {
      "totalMs": 2281.234,
      "count": 136660,
      "avgMs": 0.016693,
      "maxMs": 0.427248
    },
    "playNotes.div": {
      "totalMs": 1590.819,
      "count": 3794,
      "avgMs": 0.419299,
      "maxMs": 5.286246
    },
    "stage.beat-setup": {
      "totalMs": 884.014,
      "count": 722,
      "avgMs": 1.224396,
      "maxMs": 9.397965
    },
    "playNotes.emitLoop.div": {
      "totalMs": 858.063,
      "count": 3577,
      "avgMs": 0.239883,
      "maxMs": 1.970086
    },
    "playNotesEmitPick.div": {
      "totalMs": 854.883,
      "count": 4064,
      "avgMs": 0.210355,
      "maxMs": 0.998882
    },
    "playNotes.motifs.div": {
      "totalMs": 638.719,
      "count": 3577,
      "avgMs": 0.178563,
      "maxMs": 1.011655
    },
    "stage.emission": {
      "totalMs": 473.5,
      "count": 722,
      "avgMs": 0.655817,
      "maxMs": 5.422432
    },
    "playNotes.beat": {
      "totalMs": 472.293,
      "count": 722,
      "avgMs": 0.654146,
      "maxMs": 5.20231
    },
    "emitPickCrossLayerRecord.subdiv": {
      "totalMs": 404.863,
      "count": 23277,
      "avgMs": 0.017393,
      "maxMs": 0.442123
    },
    "playNotes.emitLoop.beat": {
      "totalMs": 263.325,
      "count": 661,
      "avgMs": 0.398374,
      "maxMs": 3.211879
    },
    "playNotesEmitPick.beat": {
      "totalMs": 261.818,
      "count": 1372,
      "avgMs": 0.19083,
      "maxMs": 2.997692
    },
    "playNotes.compute.subsubdiv": {
      "totalMs": 257.143,
      "count": 140939,
      "avgMs": 0.001825,
      "maxMs": 0.682581
    },
    "playNotes.motifs.beat": {
      "totalMs": 182.083,
      "count": 661,
      "avgMs": 0.275466,
      "maxMs": 2.014777
    },
    "playNotes.resolve.subdiv": {
      "totalMs": 106.957,
      "count": 24018,
      "avgMs": 0.004453,
      "maxMs": 5.429477
    },
    "playNotes.texture.subsubdiv": {
      "totalMs": 92.745,
      "count": 140939,
      "avgMs": 0.000658,
      "maxMs": 0.554722
    },
    "emitPickCrossLayerRecord.div": {
      "totalMs": 71.163,
      "count": 4064,
      "avgMs": 0.017511,
      "maxMs": 0.165532
    },
    "stage.negotiation": {
      "totalMs": 58.041,
      "count": 722,
      "avgMs": 0.08039,
      "maxMs": 0.956122
    },
    "playNotes.compute.subdiv": {
      "totalMs": 54.358,
      "count": 24018,
      "avgMs": 0.002263,
      "maxMs": 0.595471
    },
    "playNotes.voiceDistribute.subsubdiv": {
      "totalMs": 51,
      "count": 135045,
      "avgMs": 0.000378,
      "maxMs": 0.445478
    },
    "emitPickCrossLayerRecord.beat": {
      "totalMs": 25.837,
      "count": 1372,
      "avgMs": 0.018831,
      "maxMs": 0.328231
    },
    "playNotes.texture.subdiv": {
      "totalMs": 20.97,
      "count": 24018,
      "avgMs": 0.000873,
      "maxMs": 0.026453
    },
    "emitPickSourceTextures.flurry": {
      "totalMs": 18.711,
      "count": 5205,
      "avgMs": 0.003595,
      "maxMs": 0.4042
    },
    "stage.entropy": {
      "totalMs": 18.318,
      "count": 722,
      "avgMs": 0.025371,
      "maxMs": 0.54467
    },
    "playNotes.resolve.div": {
      "totalMs": 17.366,
      "count": 3794,
      "avgMs": 0.004577,
      "maxMs": 4.843337
    },
    "emitPickSourceTextures.chordBurst": {
      "totalMs": 16.061,
      "count": 5317,
      "avgMs": 0.003021,
      "maxMs": 0.062418
    },
    "playNotes.voiceDistribute.subdiv": {
      "totalMs": 10.87,
      "count": 22903,
      "avgMs": 0.000475,
      "maxMs": 0.037553
    },
    "playNotes.compute.div": {
      "totalMs": 9.519,
      "count": 3794,
      "avgMs": 0.002509,
      "maxMs": 0.114818
    },
    "stage.post-beat": {
      "totalMs": 9.218,
      "count": 722,
      "avgMs": 0.012767,
      "maxMs": 0.278479
    },
    "stage.tension-cadence": {
      "totalMs": 8.357,
      "count": 722,
      "avgMs": 0.011575,
      "maxMs": 0.11792
    },
    "stage.rest": {
      "totalMs": 7.407,
      "count": 722,
      "avgMs": 0.01026,
      "maxMs": 0.072716
    },
    "emitPickReflectionTextures.chordBurst": {
      "totalMs": 7.062,
      "count": 5317,
      "avgMs": 0.001328,
      "maxMs": 0.424731
    },
    "stage.climax": {
      "totalMs": 6.248,
      "count": 722,
      "avgMs": 0.008653,
      "maxMs": 0.134436
    },
    "stage.phase": {
      "totalMs": 5.672,
      "count": 722,
      "avgMs": 0.007856,
      "maxMs": 0.132026
    },
    "emitPickReflectionTextures.flurry": {
      "totalMs": 5.414,
      "count": 5205,
      "avgMs": 0.00104,
      "maxMs": 0.021531
    },
    "stage.intent": {
      "totalMs": 4.75,
      "count": 722,
      "avgMs": 0.006579,
      "maxMs": 0.114058
    },
    "stage.envelope": {
      "totalMs": 4.7,
      "count": 722,
      "avgMs": 0.00651,
      "maxMs": 0.095215
    },
    "stage.silhouette": {
      "totalMs": 3.624,
      "count": 722,
      "avgMs": 0.005019,
      "maxMs": 0.145828
    },
    "playNotes.texture.div": {
      "totalMs": 3.578,
      "count": 3794,
      "avgMs": 0.000943,
      "maxMs": 0.023095
    },
    "playNotes.compute.beat": {
      "totalMs": 3.489,
      "count": 722,
      "avgMs": 0.004832,
      "maxMs": 0.245744
    },
    "playNotes.voiceDistribute.div": {
      "totalMs": 2.024,
      "count": 3577,
      "avgMs": 0.000566,
      "maxMs": 0.018293
    },
    "playNotes.texture.beat": {
      "totalMs": 1.35,
      "count": 722,
      "avgMs": 0.001869,
      "maxMs": 0.13436
    },
    "stage.probability-adjust": {
      "totalMs": 1.08,
      "count": 722,
      "avgMs": 0.001496,
      "maxMs": 0.020272
    },
    "playNotes.voiceDistribute.beat": {
      "totalMs": 0.818,
      "count": 661,
      "avgMs": 0.001237,
      "maxMs": 0.103974
    },
    "stage.complement": {
      "totalMs": 0.607,
      "count": 722,
      "avgMs": 0.00084,
      "maxMs": 0.019907
    },
    "playNotes.resolve.beat": {
      "totalMs": 0.264,
      "count": 722,
      "avgMs": 0.000366,
      "maxMs": 0.013071
    }
  }
}
