{
  "generated": "2026-03-25T02:02:04.756Z",
  "traced": true,
  "metrics": {
    "playNotes.subsubdiv": {
      "totalMs": 62290.898,
      "count": 174565,
      "avgMs": 0.356835,
      "maxMs": 10.207567
    },
    "playNotes.emitLoop.subsubdiv": {
      "totalMs": 31791.351,
      "count": 166905,
      "avgMs": 0.190476,
      "maxMs": 9.70086
    },
    "playNotesEmitPick.subsubdiv": {
      "totalMs": 31694.842,
      "count": 168950,
      "avgMs": 0.187599,
      "maxMs": 9.696273
    },
    "playNotes.motifs.subsubdiv": {
      "totalMs": 23008.315,
      "count": 166905,
      "avgMs": 0.137853,
      "maxMs": 4.088284
    },
    "playNotes.subdiv": {
      "totalMs": 11227.896,
      "count": 29904,
      "avgMs": 0.375465,
      "maxMs": 9.749681
    },
    "playNotes.emitLoop.subdiv": {
      "totalMs": 5739.541,
      "count": 28480,
      "avgMs": 0.201529,
      "maxMs": 1.73072
    },
    "playNotesEmitPick.subdiv": {
      "totalMs": 5717.221,
      "count": 28941,
      "avgMs": 0.197547,
      "maxMs": 1.726215
    },
    "playNotes.motifs.subdiv": {
      "totalMs": 4708.936,
      "count": 28480,
      "avgMs": 0.165342,
      "maxMs": 2.131594
    },
    "playNotes.resolve.subsubdiv": {
      "totalMs": 3842.277,
      "count": 174565,
      "avgMs": 0.022011,
      "maxMs": 6.820245
    },
    "emitPickCrossLayerRecord.subsubdiv": {
      "totalMs": 2887.114,
      "count": 168950,
      "avgMs": 0.017089,
      "maxMs": 1.08975
    },
    "playNotes.div": {
      "totalMs": 1911.685,
      "count": 4689,
      "avgMs": 0.407696,
      "maxMs": 5.369142
    },
    "stage.beat-setup": {
      "totalMs": 1082.123,
      "count": 916,
      "avgMs": 1.181357,
      "maxMs": 9.246131
    },
    "playNotes.emitLoop.div": {
      "totalMs": 996.67,
      "count": 4423,
      "avgMs": 0.225338,
      "maxMs": 5.254867
    },
    "playNotesEmitPick.div": {
      "totalMs": 991.9,
      "count": 4999,
      "avgMs": 0.19842,
      "maxMs": 5.248855
    },
    "playNotes.motifs.div": {
      "totalMs": 803.116,
      "count": 4423,
      "avgMs": 0.181577,
      "maxMs": 2.040608
    },
    "stage.emission": {
      "totalMs": 577.789,
      "count": 916,
      "avgMs": 0.630774,
      "maxMs": 5.434492
    },
    "playNotes.beat": {
      "totalMs": 576.205,
      "count": 916,
      "avgMs": 0.629045,
      "maxMs": 5.19871
    },
    "emitPickCrossLayerRecord.subdiv": {
      "totalMs": 507.768,
      "count": 28941,
      "avgMs": 0.017545,
      "maxMs": 0.182329
    },
    "playNotes.compute.subsubdiv": {
      "totalMs": 329.785,
      "count": 174565,
      "avgMs": 0.001889,
      "maxMs": 0.656849
    },
    "playNotes.emitLoop.beat": {
      "totalMs": 305.795,
      "count": 828,
      "avgMs": 0.369318,
      "maxMs": 2.438553
    },
    "playNotesEmitPick.beat": {
      "totalMs": 304.013,
      "count": 1706,
      "avgMs": 0.178202,
      "maxMs": 1.75995
    },
    "playNotes.motifs.beat": {
      "totalMs": 233.932,
      "count": 828,
      "avgMs": 0.282527,
      "maxMs": 1.822268
    },
    "playNotes.resolve.subdiv": {
      "totalMs": 168.76,
      "count": 29904,
      "avgMs": 0.005643,
      "maxMs": 8.552496
    },
    "playNotes.texture.subsubdiv": {
      "totalMs": 116.081,
      "count": 174565,
      "avgMs": 0.000665,
      "maxMs": 0.638942
    },
    "emitPickCrossLayerRecord.div": {
      "totalMs": 88.778,
      "count": 4999,
      "avgMs": 0.017759,
      "maxMs": 0.065061
    },
    "stage.negotiation": {
      "totalMs": 81.267,
      "count": 916,
      "avgMs": 0.088719,
      "maxMs": 0.992983
    },
    "playNotes.compute.subdiv": {
      "totalMs": 68.704,
      "count": 29904,
      "avgMs": 0.002297,
      "maxMs": 0.761215
    },
    "playNotes.voiceDistribute.subsubdiv": {
      "totalMs": 65.067,
      "count": 166905,
      "avgMs": 0.00039,
      "maxMs": 0.625794
    },
    "emitPickCrossLayerRecord.beat": {
      "totalMs": 33.209,
      "count": 1706,
      "avgMs": 0.019466,
      "maxMs": 0.350045
    },
    "playNotes.texture.subdiv": {
      "totalMs": 26.855,
      "count": 29904,
      "avgMs": 0.000898,
      "maxMs": 0.038141
    },
    "emitPickSourceTextures.flurry": {
      "totalMs": 26.5,
      "count": 7200,
      "avgMs": 0.003681,
      "maxMs": 0.13433
    },
    "stage.entropy": {
      "totalMs": 21.562,
      "count": 916,
      "avgMs": 0.023539,
      "maxMs": 0.218717
    },
    "emitPickSourceTextures.chordBurst": {
      "totalMs": 20.787,
      "count": 6119,
      "avgMs": 0.003397,
      "maxMs": 0.433746
    },
    "playNotes.voiceDistribute.subdiv": {
      "totalMs": 14.255,
      "count": 28480,
      "avgMs": 0.000501,
      "maxMs": 0.504102
    },
    "playNotes.compute.div": {
      "totalMs": 12.533,
      "count": 4689,
      "avgMs": 0.002673,
      "maxMs": 0.045271
    },
    "stage.post-beat": {
      "totalMs": 11.432,
      "count": 916,
      "avgMs": 0.01248,
      "maxMs": 0.278218
    },
    "stage.tension-cadence": {
      "totalMs": 10.503,
      "count": 916,
      "avgMs": 0.011466,
      "maxMs": 0.081998
    },
    "playNotes.resolve.div": {
      "totalMs": 9.544,
      "count": 4689,
      "avgMs": 0.002035,
      "maxMs": 3.748575
    },
    "stage.rest": {
      "totalMs": 9.041,
      "count": 916,
      "avgMs": 0.00987,
      "maxMs": 0.080874
    },
    "emitPickReflectionTextures.chordBurst": {
      "totalMs": 8.028,
      "count": 6119,
      "avgMs": 0.001312,
      "maxMs": 0.456189
    },
    "stage.climax": {
      "totalMs": 7.906,
      "count": 916,
      "avgMs": 0.008631,
      "maxMs": 0.12718
    },
    "emitPickReflectionTextures.flurry": {
      "totalMs": 7.328,
      "count": 7200,
      "avgMs": 0.001018,
      "maxMs": 0.028889
    },
    "stage.phase": {
      "totalMs": 7.276,
      "count": 916,
      "avgMs": 0.007943,
      "maxMs": 0.128615
    },
    "stage.intent": {
      "totalMs": 6.642,
      "count": 916,
      "avgMs": 0.007251,
      "maxMs": 0.125375
    },
    "stage.envelope": {
      "totalMs": 5.441,
      "count": 916,
      "avgMs": 0.00594,
      "maxMs": 0.110999
    },
    "playNotes.compute.beat": {
      "totalMs": 5.183,
      "count": 916,
      "avgMs": 0.005658,
      "maxMs": 0.256006
    },
    "stage.silhouette": {
      "totalMs": 4.915,
      "count": 916,
      "avgMs": 0.005366,
      "maxMs": 0.471329
    },
    "playNotes.texture.div": {
      "totalMs": 4.509,
      "count": 4689,
      "avgMs": 0.000962,
      "maxMs": 0.022754
    },
    "playNotes.voiceDistribute.div": {
      "totalMs": 2.536,
      "count": 4423,
      "avgMs": 0.000573,
      "maxMs": 0.033549
    },
    "playNotes.texture.beat": {
      "totalMs": 1.839,
      "count": 916,
      "avgMs": 0.002008,
      "maxMs": 0.134082
    },
    "stage.probability-adjust": {
      "totalMs": 1.301,
      "count": 916,
      "avgMs": 0.00142,
      "maxMs": 0.026756
    },
    "playNotes.voiceDistribute.beat": {
      "totalMs": 1.111,
      "count": 828,
      "avgMs": 0.001342,
      "maxMs": 0.107752
    },
    "stage.complement": {
      "totalMs": 0.872,
      "count": 916,
      "avgMs": 0.000952,
      "maxMs": 0.019959
    },
    "playNotes.resolve.beat": {
      "totalMs": 0.375,
      "count": 916,
      "avgMs": 0.000409,
      "maxMs": 0.004328
    }
  }
}
