{
  "generated": "2026-03-24T05:57:31.433Z",
  "traced": true,
  "metrics": {
    "playNotes.subsubdiv": {
      "totalMs": 55420.967,
      "count": 148833,
      "avgMs": 0.37237,
      "maxMs": 11.712965
    },
    "playNotes.emitLoop.subsubdiv": {
      "totalMs": 29543.833,
      "count": 140838,
      "avgMs": 0.209772,
      "maxMs": 11.488556
    },
    "playNotesEmitPick.subsubdiv": {
      "totalMs": 29444.861,
      "count": 142420,
      "avgMs": 0.206747,
      "maxMs": 11.482077
    },
    "playNotes.motifs.subsubdiv": {
      "totalMs": 19540.493,
      "count": 140838,
      "avgMs": 0.138744,
      "maxMs": 2.268257
    },
    "playNotes.subdiv": {
      "totalMs": 9847.389,
      "count": 25344,
      "avgMs": 0.388549,
      "maxMs": 5.607729
    },
    "playNotes.emitLoop.subdiv": {
      "totalMs": 5285.508,
      "count": 23862,
      "avgMs": 0.221503,
      "maxMs": 1.692896
    },
    "playNotesEmitPick.subdiv": {
      "totalMs": 5264.394,
      "count": 24216,
      "avgMs": 0.217393,
      "maxMs": 1.410402
    },
    "playNotes.motifs.subdiv": {
      "totalMs": 3950.85,
      "count": 23862,
      "avgMs": 0.165571,
      "maxMs": 2.064396
    },
    "playNotes.resolve.subsubdiv": {
      "totalMs": 3267.348,
      "count": 148833,
      "avgMs": 0.021953,
      "maxMs": 6.037384
    },
    "emitPickCrossLayerRecord.subsubdiv": {
      "totalMs": 2537.332,
      "count": 142420,
      "avgMs": 0.017816,
      "maxMs": 0.629213
    },
    "playNotes.div": {
      "totalMs": 1685.094,
      "count": 4034,
      "avgMs": 0.417723,
      "maxMs": 2.664006
    },
    "playNotes.emitLoop.div": {
      "totalMs": 924.183,
      "count": 3743,
      "avgMs": 0.24691,
      "maxMs": 2.272283
    },
    "stage.beat-setup": {
      "totalMs": 921.273,
      "count": 767,
      "avgMs": 1.201138,
      "maxMs": 8.648607
    },
    "playNotesEmitPick.div": {
      "totalMs": 920.267,
      "count": 4216,
      "avgMs": 0.21828,
      "maxMs": 1.217219
    },
    "playNotes.motifs.div": {
      "totalMs": 669.241,
      "count": 3743,
      "avgMs": 0.178798,
      "maxMs": 1.075024
    },
    "stage.emission": {
      "totalMs": 487.9,
      "count": 767,
      "avgMs": 0.636114,
      "maxMs": 3.885274
    },
    "playNotes.beat": {
      "totalMs": 486.642,
      "count": 767,
      "avgMs": 0.634474,
      "maxMs": 3.882859
    },
    "emitPickCrossLayerRecord.subdiv": {
      "totalMs": 451.36,
      "count": 24216,
      "avgMs": 0.018639,
      "maxMs": 1.024494
    },
    "playNotes.emitLoop.beat": {
      "totalMs": 280.873,
      "count": 678,
      "avgMs": 0.414267,
      "maxMs": 3.437774
    },
    "playNotesEmitPick.beat": {
      "totalMs": 279.256,
      "count": 1351,
      "avgMs": 0.206703,
      "maxMs": 1.711877
    },
    "playNotes.compute.subsubdiv": {
      "totalMs": 277.818,
      "count": 148833,
      "avgMs": 0.001867,
      "maxMs": 0.732496
    },
    "playNotes.motifs.beat": {
      "totalMs": 176.684,
      "count": 678,
      "avgMs": 0.260595,
      "maxMs": 1.129381
    },
    "playNotes.resolve.subdiv": {
      "totalMs": 107.886,
      "count": 25344,
      "avgMs": 0.004257,
      "maxMs": 4.430654
    },
    "playNotes.texture.subsubdiv": {
      "totalMs": 93.692,
      "count": 148833,
      "avgMs": 0.00063,
      "maxMs": 0.032897
    },
    "emitPickCrossLayerRecord.div": {
      "totalMs": 79.322,
      "count": 4216,
      "avgMs": 0.018814,
      "maxMs": 0.08279
    },
    "stage.negotiation": {
      "totalMs": 66.777,
      "count": 767,
      "avgMs": 0.087063,
      "maxMs": 0.942734
    },
    "playNotes.voiceDistribute.subsubdiv": {
      "totalMs": 59.443,
      "count": 140838,
      "avgMs": 0.000422,
      "maxMs": 0.57304
    },
    "playNotes.compute.subdiv": {
      "totalMs": 56.558,
      "count": 25344,
      "avgMs": 0.002232,
      "maxMs": 0.039166
    },
    "emitPickCrossLayerRecord.beat": {
      "totalMs": 27.68,
      "count": 1351,
      "avgMs": 0.020489,
      "maxMs": 0.332812
    },
    "emitPickSourceTextures.flurry": {
      "totalMs": 21.707,
      "count": 5573,
      "avgMs": 0.003895,
      "maxMs": 0.16964
    },
    "playNotes.texture.subdiv": {
      "totalMs": 21.223,
      "count": 25344,
      "avgMs": 0.000837,
      "maxMs": 0.026876
    },
    "stage.entropy": {
      "totalMs": 19.469,
      "count": 767,
      "avgMs": 0.025383,
      "maxMs": 0.245279
    },
    "emitPickSourceTextures.chordBurst": {
      "totalMs": 12.505,
      "count": 3719,
      "avgMs": 0.003362,
      "maxMs": 0.070698
    },
    "playNotes.voiceDistribute.subdiv": {
      "totalMs": 12.298,
      "count": 23862,
      "avgMs": 0.000515,
      "maxMs": 0.027664
    },
    "playNotes.compute.div": {
      "totalMs": 10.112,
      "count": 4034,
      "avgMs": 0.002507,
      "maxMs": 0.028096
    },
    "stage.post-beat": {
      "totalMs": 9.998,
      "count": 767,
      "avgMs": 0.013035,
      "maxMs": 0.272846
    },
    "stage.tension-cadence": {
      "totalMs": 9.027,
      "count": 767,
      "avgMs": 0.01177,
      "maxMs": 0.078079
    },
    "stage.rest": {
      "totalMs": 7.601,
      "count": 767,
      "avgMs": 0.00991,
      "maxMs": 0.067043
    },
    "stage.climax": {
      "totalMs": 6.717,
      "count": 767,
      "avgMs": 0.008758,
      "maxMs": 0.118652
    },
    "stage.phase": {
      "totalMs": 6.36,
      "count": 767,
      "avgMs": 0.008293,
      "maxMs": 0.087502
    },
    "emitPickReflectionTextures.flurry": {
      "totalMs": 6.315,
      "count": 5573,
      "avgMs": 0.001133,
      "maxMs": 0.027662
    },
    "stage.intent": {
      "totalMs": 5.195,
      "count": 767,
      "avgMs": 0.006774,
      "maxMs": 0.117444
    },
    "playNotes.resolve.div": {
      "totalMs": 4.907,
      "count": 4034,
      "avgMs": 0.001216,
      "maxMs": 0.027665
    },
    "emitPickReflectionTextures.chordBurst": {
      "totalMs": 4.899,
      "count": 3719,
      "avgMs": 0.001317,
      "maxMs": 0.027519
    },
    "stage.envelope": {
      "totalMs": 4.615,
      "count": 767,
      "avgMs": 0.006017,
      "maxMs": 0.086359
    },
    "playNotes.texture.div": {
      "totalMs": 3.777,
      "count": 4034,
      "avgMs": 0.000936,
      "maxMs": 0.027502
    },
    "playNotes.compute.beat": {
      "totalMs": 3.708,
      "count": 767,
      "avgMs": 0.004834,
      "maxMs": 0.263136
    },
    "stage.silhouette": {
      "totalMs": 3.644,
      "count": 767,
      "avgMs": 0.004751,
      "maxMs": 0.134669
    },
    "playNotes.voiceDistribute.div": {
      "totalMs": 2.233,
      "count": 3743,
      "avgMs": 0.000596,
      "maxMs": 0.023978
    },
    "playNotes.texture.beat": {
      "totalMs": 1.547,
      "count": 767,
      "avgMs": 0.002017,
      "maxMs": 0.128591
    },
    "stage.probability-adjust": {
      "totalMs": 1.165,
      "count": 767,
      "avgMs": 0.001518,
      "maxMs": 0.020782
    },
    "playNotes.voiceDistribute.beat": {
      "totalMs": 0.886,
      "count": 678,
      "avgMs": 0.001306,
      "maxMs": 0.089319
    },
    "stage.complement": {
      "totalMs": 0.644,
      "count": 767,
      "avgMs": 0.000839,
      "maxMs": 0.020883
    },
    "playNotes.resolve.beat": {
      "totalMs": 0.308,
      "count": 767,
      "avgMs": 0.000402,
      "maxMs": 0.002712
    }
  }
}
