{
  "generated": "2026-03-23T23:51:36.089Z",
  "traced": true,
  "metrics": {
    "playNotes.subsubdiv": {
      "totalMs": 46254.199,
      "count": 122813,
      "avgMs": 0.376623,
      "maxMs": 7.695111
    },
    "playNotes.emitLoop.subsubdiv": {
      "totalMs": 23364.35,
      "count": 112305,
      "avgMs": 0.208044,
      "maxMs": 1.717418
    },
    "playNotesEmitPick.subsubdiv": {
      "totalMs": 23287.607,
      "count": 113508,
      "avgMs": 0.205163,
      "maxMs": 1.54526
    },
    "playNotes.motifs.subsubdiv": {
      "totalMs": 17551.441,
      "count": 112305,
      "avgMs": 0.156284,
      "maxMs": 2.014868
    },
    "playNotes.subdiv": {
      "totalMs": 8518.388,
      "count": 20994,
      "avgMs": 0.405753,
      "maxMs": 6.735537
    },
    "playNotes.emitLoop.subdiv": {
      "totalMs": 4191.014,
      "count": 19124,
      "avgMs": 0.219149,
      "maxMs": 6.396692
    },
    "playNotesEmitPick.subdiv": {
      "totalMs": 4173.116,
      "count": 19391,
      "avgMs": 0.215209,
      "maxMs": 6.390867
    },
    "playNotes.motifs.subdiv": {
      "totalMs": 3777.414,
      "count": 19124,
      "avgMs": 0.197522,
      "maxMs": 6.027742
    },
    "playNotes.resolve.subsubdiv": {
      "totalMs": 2618.353,
      "count": 122813,
      "avgMs": 0.02132,
      "maxMs": 7.009657
    },
    "emitPickCrossLayerRecord.subsubdiv": {
      "totalMs": 2019.92,
      "count": 113508,
      "avgMs": 0.017795,
      "maxMs": 0.883112
    },
    "playNotes.div": {
      "totalMs": 1406.445,
      "count": 3313,
      "avgMs": 0.424523,
      "maxMs": 1.773534
    },
    "stage.beat-setup": {
      "totalMs": 753.555,
      "count": 609,
      "avgMs": 1.237364,
      "maxMs": 8.355972
    },
    "playNotes.emitLoop.div": {
      "totalMs": 699.13,
      "count": 2923,
      "avgMs": 0.239182,
      "maxMs": 1.228793
    },
    "playNotesEmitPick.div": {
      "totalMs": 696.177,
      "count": 3262,
      "avgMs": 0.21342,
      "maxMs": 1.163049
    },
    "playNotes.motifs.div": {
      "totalMs": 625.232,
      "count": 2923,
      "avgMs": 0.213901,
      "maxMs": 1.014761
    },
    "stage.emission": {
      "totalMs": 393.016,
      "count": 609,
      "avgMs": 0.645346,
      "maxMs": 5.419439
    },
    "playNotes.beat": {
      "totalMs": 391.981,
      "count": 609,
      "avgMs": 0.643647,
      "maxMs": 5.202437
    },
    "emitPickCrossLayerRecord.subdiv": {
      "totalMs": 356.768,
      "count": 19391,
      "avgMs": 0.018399,
      "maxMs": 0.295042
    },
    "playNotes.compute.subsubdiv": {
      "totalMs": 243.453,
      "count": 122813,
      "avgMs": 0.001982,
      "maxMs": 0.524106
    },
    "playNotes.emitLoop.beat": {
      "totalMs": 195.495,
      "count": 520,
      "avgMs": 0.375952,
      "maxMs": 2.464307
    },
    "stage.negotiation": {
      "totalMs": 194.506,
      "count": 609,
      "avgMs": 0.319386,
      "maxMs": 0.977263
    },
    "playNotesEmitPick.beat": {
      "totalMs": 194.238,
      "count": 1000,
      "avgMs": 0.194238,
      "maxMs": 2.461424
    },
    "playNotes.motifs.beat": {
      "totalMs": 169.73,
      "count": 520,
      "avgMs": 0.326404,
      "maxMs": 1.933573
    },
    "playNotes.resolve.subdiv": {
      "totalMs": 93.899,
      "count": 20994,
      "avgMs": 0.004473,
      "maxMs": 5.135029
    },
    "playNotes.texture.subsubdiv": {
      "totalMs": 81.139,
      "count": 122813,
      "avgMs": 0.000661,
      "maxMs": 0.592737
    },
    "emitPickCrossLayerRecord.div": {
      "totalMs": 60.554,
      "count": 3262,
      "avgMs": 0.018563,
      "maxMs": 0.25053
    },
    "playNotes.compute.subdiv": {
      "totalMs": 51.921,
      "count": 20994,
      "avgMs": 0.002473,
      "maxMs": 0.03162
    },
    "playNotes.voiceDistribute.subsubdiv": {
      "totalMs": 43.851,
      "count": 112305,
      "avgMs": 0.00039,
      "maxMs": 0.038328
    },
    "emitPickSourceTextures.flurry": {
      "totalMs": 27.335,
      "count": 4570,
      "avgMs": 0.005981,
      "maxMs": 0.099029
    },
    "emitPickCrossLayerRecord.beat": {
      "totalMs": 20.582,
      "count": 1000,
      "avgMs": 0.020582,
      "maxMs": 0.340101
    },
    "playNotes.texture.subdiv": {
      "totalMs": 19.419,
      "count": 20994,
      "avgMs": 0.000925,
      "maxMs": 0.565664
    },
    "stage.entropy": {
      "totalMs": 15.825,
      "count": 609,
      "avgMs": 0.025985,
      "maxMs": 0.157694
    },
    "emitPickSourceTextures.chordBurst": {
      "totalMs": 14.808,
      "count": 2629,
      "avgMs": 0.005633,
      "maxMs": 0.094279
    },
    "stage.climax": {
      "totalMs": 9.608,
      "count": 609,
      "avgMs": 0.015777,
      "maxMs": 0.122213
    },
    "stage.post-beat": {
      "totalMs": 9.332,
      "count": 609,
      "avgMs": 0.015324,
      "maxMs": 0.479482
    },
    "playNotes.compute.div": {
      "totalMs": 9.212,
      "count": 3313,
      "avgMs": 0.002781,
      "maxMs": 0.028993
    },
    "playNotes.voiceDistribute.subdiv": {
      "totalMs": 9.132,
      "count": 19124,
      "avgMs": 0.000478,
      "maxMs": 0.026844
    },
    "stage.tension-cadence": {
      "totalMs": 9.056,
      "count": 609,
      "avgMs": 0.01487,
      "maxMs": 0.090478
    },
    "stage.intent": {
      "totalMs": 7.564,
      "count": 609,
      "avgMs": 0.01242,
      "maxMs": 0.087917
    },
    "stage.rest": {
      "totalMs": 6.609,
      "count": 609,
      "avgMs": 0.010853,
      "maxMs": 0.066088
    },
    "emitPickReflectionTextures.flurry": {
      "totalMs": 5.27,
      "count": 4570,
      "avgMs": 0.001153,
      "maxMs": 0.011531
    },
    "stage.phase": {
      "totalMs": 5.222,
      "count": 609,
      "avgMs": 0.008575,
      "maxMs": 0.093295
    },
    "playNotes.resolve.div": {
      "totalMs": 4.14,
      "count": 3313,
      "avgMs": 0.00125,
      "maxMs": 0.026982
    },
    "stage.envelope": {
      "totalMs": 3.879,
      "count": 609,
      "avgMs": 0.00637,
      "maxMs": 0.084064
    },
    "emitPickReflectionTextures.chordBurst": {
      "totalMs": 3.665,
      "count": 2629,
      "avgMs": 0.001394,
      "maxMs": 0.016847
    },
    "playNotes.compute.beat": {
      "totalMs": 3.383,
      "count": 609,
      "avgMs": 0.005556,
      "maxMs": 0.244839
    },
    "stage.silhouette": {
      "totalMs": 3.375,
      "count": 609,
      "avgMs": 0.005542,
      "maxMs": 0.13762
    },
    "playNotes.texture.div": {
      "totalMs": 3.236,
      "count": 3313,
      "avgMs": 0.000977,
      "maxMs": 0.009315
    },
    "stage.probability-adjust": {
      "totalMs": 2.827,
      "count": 609,
      "avgMs": 0.004641,
      "maxMs": 0.032999
    },
    "playNotes.voiceDistribute.div": {
      "totalMs": 1.659,
      "count": 2923,
      "avgMs": 0.000567,
      "maxMs": 0.005014
    },
    "playNotes.texture.beat": {
      "totalMs": 1.28,
      "count": 609,
      "avgMs": 0.002103,
      "maxMs": 0.135927
    },
    "playNotes.voiceDistribute.beat": {
      "totalMs": 0.672,
      "count": 520,
      "avgMs": 0.001293,
      "maxMs": 0.100862
    },
    "stage.complement": {
      "totalMs": 0.518,
      "count": 609,
      "avgMs": 0.000851,
      "maxMs": 0.019518
    },
    "playNotes.resolve.beat": {
      "totalMs": 0.246,
      "count": 609,
      "avgMs": 0.000404,
      "maxMs": 0.002939
    }
  }
}
