{
  "generated": "2026-03-24T03:02:32.191Z",
  "traced": true,
  "metrics": {
    "playNotes.subsubdiv": {
      "totalMs": 33275.356,
      "count": 103805,
      "avgMs": 0.320556,
      "maxMs": 6.281755
    },
    "playNotes.emitLoop.subsubdiv": {
      "totalMs": 15708.976,
      "count": 94978,
      "avgMs": 0.165396,
      "maxMs": 3.546399
    },
    "playNotesEmitPick.subsubdiv": {
      "totalMs": 15649.974,
      "count": 95965,
      "avgMs": 0.16308,
      "maxMs": 3.544791
    },
    "playNotes.motifs.subsubdiv": {
      "totalMs": 13177.006,
      "count": 94978,
      "avgMs": 0.138737,
      "maxMs": 1.984476
    },
    "playNotes.subdiv": {
      "totalMs": 6095.564,
      "count": 17836,
      "avgMs": 0.341756,
      "maxMs": 6.314767
    },
    "playNotes.emitLoop.subdiv": {
      "totalMs": 2871.861,
      "count": 16225,
      "avgMs": 0.177002,
      "maxMs": 1.002546
    },
    "playNotesEmitPick.subdiv": {
      "totalMs": 2859.353,
      "count": 16461,
      "avgMs": 0.173705,
      "maxMs": 0.96838
    },
    "playNotes.motifs.subdiv": {
      "totalMs": 2773.872,
      "count": 16225,
      "avgMs": 0.170963,
      "maxMs": 1.073025
    },
    "playNotes.resolve.subsubdiv": {
      "totalMs": 2325.134,
      "count": 103805,
      "avgMs": 0.022399,
      "maxMs": 5.887675
    },
    "emitPickCrossLayerRecord.subsubdiv": {
      "totalMs": 1596.739,
      "count": 95965,
      "avgMs": 0.016639,
      "maxMs": 0.774512
    },
    "playNotes.div": {
      "totalMs": 1007.007,
      "count": 2786,
      "avgMs": 0.361453,
      "maxMs": 4.436013
    },
    "stage.beat-setup": {
      "totalMs": 666.205,
      "count": 544,
      "avgMs": 1.224642,
      "maxMs": 9.439121
    },
    "playNotes.emitLoop.div": {
      "totalMs": 488.078,
      "count": 2491,
      "avgMs": 0.195937,
      "maxMs": 4.146267
    },
    "playNotesEmitPick.div": {
      "totalMs": 485.388,
      "count": 2793,
      "avgMs": 0.173787,
      "maxMs": 4.141456
    },
    "playNotes.motifs.div": {
      "totalMs": 457.395,
      "count": 2491,
      "avgMs": 0.183619,
      "maxMs": 0.940089
    },
    "stage.emission": {
      "totalMs": 295.32,
      "count": 544,
      "avgMs": 0.542867,
      "maxMs": 5.58863
    },
    "playNotes.beat": {
      "totalMs": 294.348,
      "count": 544,
      "avgMs": 0.54108,
      "maxMs": 5.371995
    },
    "emitPickCrossLayerRecord.subdiv": {
      "totalMs": 278.981,
      "count": 16461,
      "avgMs": 0.016948,
      "maxMs": 0.587513
    },
    "playNotes.compute.subsubdiv": {
      "totalMs": 186.592,
      "count": 103805,
      "avgMs": 0.001798,
      "maxMs": 0.526207
    },
    "playNotes.emitLoop.beat": {
      "totalMs": 143.644,
      "count": 468,
      "avgMs": 0.306933,
      "maxMs": 2.282625
    },
    "playNotesEmitPick.beat": {
      "totalMs": 142.367,
      "count": 904,
      "avgMs": 0.157486,
      "maxMs": 1.724562
    },
    "playNotes.motifs.beat": {
      "totalMs": 129.487,
      "count": 468,
      "avgMs": 0.276682,
      "maxMs": 2.187974
    },
    "playNotes.resolve.subdiv": {
      "totalMs": 90.073,
      "count": 17836,
      "avgMs": 0.00505,
      "maxMs": 5.770761
    },
    "playNotes.texture.subsubdiv": {
      "totalMs": 72.493,
      "count": 103805,
      "avgMs": 0.000698,
      "maxMs": 0.495878
    },
    "stage.negotiation": {
      "totalMs": 48.31,
      "count": 544,
      "avgMs": 0.088805,
      "maxMs": 0.967944
    },
    "emitPickCrossLayerRecord.div": {
      "totalMs": 47.919,
      "count": 2793,
      "avgMs": 0.017157,
      "maxMs": 0.109075
    },
    "playNotes.voiceDistribute.subsubdiv": {
      "totalMs": 41.005,
      "count": 94978,
      "avgMs": 0.000432,
      "maxMs": 0.535821
    },
    "playNotes.compute.subdiv": {
      "totalMs": 39.993,
      "count": 17836,
      "avgMs": 0.002242,
      "maxMs": 0.035408
    },
    "emitPickCrossLayerRecord.beat": {
      "totalMs": 17.393,
      "count": 904,
      "avgMs": 0.01924,
      "maxMs": 0.330268
    },
    "playNotes.texture.subdiv": {
      "totalMs": 17.383,
      "count": 17836,
      "avgMs": 0.000975,
      "maxMs": 0.027314
    },
    "emitPickSourceTextures.flurry": {
      "totalMs": 17.152,
      "count": 4093,
      "avgMs": 0.004191,
      "maxMs": 0.07662
    },
    "stage.entropy": {
      "totalMs": 13.943,
      "count": 544,
      "avgMs": 0.025631,
      "maxMs": 0.213426
    },
    "emitPickSourceTextures.chordBurst": {
      "totalMs": 9.862,
      "count": 2764,
      "avgMs": 0.003568,
      "maxMs": 0.418935
    },
    "stage.post-beat": {
      "totalMs": 8.931,
      "count": 544,
      "avgMs": 0.016417,
      "maxMs": 0.274876
    },
    "playNotes.voiceDistribute.subdiv": {
      "totalMs": 8.332,
      "count": 16225,
      "avgMs": 0.000514,
      "maxMs": 0.026025
    },
    "playNotes.compute.div": {
      "totalMs": 6.821,
      "count": 2786,
      "avgMs": 0.002448,
      "maxMs": 0.02859
    },
    "stage.tension-cadence": {
      "totalMs": 6.12,
      "count": 544,
      "avgMs": 0.01125,
      "maxMs": 0.09276
    },
    "stage.rest": {
      "totalMs": 5.344,
      "count": 544,
      "avgMs": 0.009824,
      "maxMs": 0.063575
    },
    "stage.phase": {
      "totalMs": 4.692,
      "count": 544,
      "avgMs": 0.008624,
      "maxMs": 0.094414
    },
    "stage.climax": {
      "totalMs": 4.596,
      "count": 544,
      "avgMs": 0.008448,
      "maxMs": 0.120596
    },
    "emitPickReflectionTextures.flurry": {
      "totalMs": 4.331,
      "count": 4093,
      "avgMs": 0.001058,
      "maxMs": 0.026935
    },
    "stage.intent": {
      "totalMs": 3.843,
      "count": 544,
      "avgMs": 0.007065,
      "maxMs": 0.087823
    },
    "stage.envelope": {
      "totalMs": 3.539,
      "count": 544,
      "avgMs": 0.006505,
      "maxMs": 0.084954
    },
    "playNotes.resolve.div": {
      "totalMs": 3.528,
      "count": 2786,
      "avgMs": 0.001266,
      "maxMs": 0.006741
    },
    "emitPickReflectionTextures.chordBurst": {
      "totalMs": 3.26,
      "count": 2764,
      "avgMs": 0.001179,
      "maxMs": 0.008124
    },
    "stage.silhouette": {
      "totalMs": 3.072,
      "count": 544,
      "avgMs": 0.005647,
      "maxMs": 0.136817
    },
    "playNotes.compute.beat": {
      "totalMs": 3.014,
      "count": 544,
      "avgMs": 0.005541,
      "maxMs": 0.235742
    },
    "playNotes.texture.div": {
      "totalMs": 2.896,
      "count": 2786,
      "avgMs": 0.00104,
      "maxMs": 0.018066
    },
    "playNotes.voiceDistribute.div": {
      "totalMs": 1.506,
      "count": 2491,
      "avgMs": 0.000605,
      "maxMs": 0.027804
    },
    "playNotes.texture.beat": {
      "totalMs": 1.203,
      "count": 544,
      "avgMs": 0.00221,
      "maxMs": 0.134194
    },
    "stage.probability-adjust": {
      "totalMs": 0.984,
      "count": 544,
      "avgMs": 0.001809,
      "maxMs": 0.019846
    },
    "playNotes.voiceDistribute.beat": {
      "totalMs": 0.708,
      "count": 468,
      "avgMs": 0.001512,
      "maxMs": 0.110012
    },
    "stage.complement": {
      "totalMs": 0.45,
      "count": 544,
      "avgMs": 0.000827,
      "maxMs": 0.019905
    },
    "playNotes.resolve.beat": {
      "totalMs": 0.183,
      "count": 544,
      "avgMs": 0.000336,
      "maxMs": 0.002865
    }
  }
}
