{
  "generated": "2026-03-23T22:56:10.395Z",
  "traced": true,
  "metrics": {
    "playNotes.subsubdiv": {
      "totalMs": 54566.922,
      "count": 165456,
      "avgMs": 0.329797,
      "maxMs": 9.664221
    },
    "playNotes.emitLoop.subsubdiv": {
      "totalMs": 24755.664,
      "count": 151914,
      "avgMs": 0.162958,
      "maxMs": 9.273186
    },
    "playNotesEmitPick.subsubdiv": {
      "totalMs": 24664.544,
      "count": 153558,
      "avgMs": 0.16062,
      "maxMs": 9.265534
    },
    "playNotes.motifs.subsubdiv": {
      "totalMs": 22798.99,
      "count": 151914,
      "avgMs": 0.150078,
      "maxMs": 8.157318
    },
    "playNotes.subdiv": {
      "totalMs": 9866.733,
      "count": 28223,
      "avgMs": 0.349599,
      "maxMs": 10.865658
    },
    "playNotes.motifs.subdiv": {
      "totalMs": 4695.493,
      "count": 25612,
      "avgMs": 0.183332,
      "maxMs": 1.471414
    },
    "playNotes.emitLoop.subdiv": {
      "totalMs": 4459.343,
      "count": 25612,
      "avgMs": 0.174111,
      "maxMs": 10.324147
    },
    "playNotesEmitPick.subdiv": {
      "totalMs": 4439.514,
      "count": 25944,
      "avgMs": 0.171119,
      "maxMs": 10.318053
    },
    "playNotes.resolve.subsubdiv": {
      "totalMs": 3528.342,
      "count": 165456,
      "avgMs": 0.021325,
      "maxMs": 8.273709
    },
    "emitPickCrossLayerRecord.subsubdiv": {
      "totalMs": 2667.893,
      "count": 153558,
      "avgMs": 0.017374,
      "maxMs": 0.718426
    },
    "playNotes.div": {
      "totalMs": 1624.46,
      "count": 4375,
      "avgMs": 0.371305,
      "maxMs": 1.905066
    },
    "stage.beat-setup": {
      "totalMs": 1070.465,
      "count": 856,
      "avgMs": 1.250543,
      "maxMs": 10.043825
    },
    "playNotes.motifs.div": {
      "totalMs": 782.326,
      "count": 3869,
      "avgMs": 0.202204,
      "maxMs": 1.035837
    },
    "playNotes.emitLoop.div": {
      "totalMs": 741.33,
      "count": 3869,
      "avgMs": 0.191608,
      "maxMs": 1.236645
    },
    "playNotesEmitPick.div": {
      "totalMs": 737.625,
      "count": 4354,
      "avgMs": 0.169413,
      "maxMs": 0.897798
    },
    "stage.emission": {
      "totalMs": 471.917,
      "count": 856,
      "avgMs": 0.551305,
      "maxMs": 3.956431
    },
    "playNotes.beat": {
      "totalMs": 470.764,
      "count": 856,
      "avgMs": 0.549958,
      "maxMs": 3.742293
    },
    "emitPickCrossLayerRecord.subdiv": {
      "totalMs": 467.774,
      "count": 25944,
      "avgMs": 0.01803,
      "maxMs": 0.54382
    },
    "playNotes.compute.subsubdiv": {
      "totalMs": 294.625,
      "count": 165456,
      "avgMs": 0.001781,
      "maxMs": 0.361173
    },
    "stage.negotiation": {
      "totalMs": 288.345,
      "count": 856,
      "avgMs": 0.336851,
      "maxMs": 1.063884
    },
    "playNotes.motifs.beat": {
      "totalMs": 220.945,
      "count": 724,
      "avgMs": 0.305172,
      "maxMs": 1.007923
    },
    "playNotes.emitLoop.beat": {
      "totalMs": 214.721,
      "count": 724,
      "avgMs": 0.296576,
      "maxMs": 2.056204
    },
    "playNotesEmitPick.beat": {
      "totalMs": 213.242,
      "count": 1424,
      "avgMs": 0.149748,
      "maxMs": 1.746149
    },
    "playNotes.resolve.subdiv": {
      "totalMs": 142.149,
      "count": 28223,
      "avgMs": 0.005037,
      "maxMs": 5.803948
    },
    "playNotes.texture.subsubdiv": {
      "totalMs": 111.838,
      "count": 165456,
      "avgMs": 0.000676,
      "maxMs": 0.529692
    },
    "emitPickCrossLayerRecord.div": {
      "totalMs": 79.509,
      "count": 4354,
      "avgMs": 0.018261,
      "maxMs": 0.076445
    },
    "playNotes.compute.subdiv": {
      "totalMs": 63.114,
      "count": 28223,
      "avgMs": 0.002236,
      "maxMs": 0.401794
    },
    "playNotes.voiceDistribute.subsubdiv": {
      "totalMs": 62.76,
      "count": 151914,
      "avgMs": 0.000413,
      "maxMs": 0.429026
    },
    "emitPickSourceTextures.flurry": {
      "totalMs": 34.064,
      "count": 6263,
      "avgMs": 0.005439,
      "maxMs": 0.816109
    },
    "emitPickCrossLayerRecord.beat": {
      "totalMs": 27.423,
      "count": 1424,
      "avgMs": 0.019258,
      "maxMs": 0.329519
    },
    "playNotes.texture.subdiv": {
      "totalMs": 25.766,
      "count": 28223,
      "avgMs": 0.000913,
      "maxMs": 0.028313
    },
    "stage.entropy": {
      "totalMs": 17.124,
      "count": 856,
      "avgMs": 0.020005,
      "maxMs": 0.163191
    },
    "emitPickSourceTextures.chordBurst": {
      "totalMs": 15.238,
      "count": 3165,
      "avgMs": 0.004814,
      "maxMs": 0.073862
    },
    "stage.climax": {
      "totalMs": 13.191,
      "count": 856,
      "avgMs": 0.01541,
      "maxMs": 0.138297
    },
    "playNotes.voiceDistribute.subdiv": {
      "totalMs": 13.171,
      "count": 25612,
      "avgMs": 0.000514,
      "maxMs": 0.032948
    },
    "stage.tension-cadence": {
      "totalMs": 12.856,
      "count": 856,
      "avgMs": 0.015019,
      "maxMs": 0.094043
    },
    "playNotes.compute.div": {
      "totalMs": 11.287,
      "count": 4375,
      "avgMs": 0.00258,
      "maxMs": 0.41669
    },
    "stage.post-beat": {
      "totalMs": 10.654,
      "count": 856,
      "avgMs": 0.012446,
      "maxMs": 0.272713
    },
    "stage.intent": {
      "totalMs": 9.574,
      "count": 856,
      "avgMs": 0.011185,
      "maxMs": 0.089757
    },
    "stage.rest": {
      "totalMs": 7.956,
      "count": 856,
      "avgMs": 0.009294,
      "maxMs": 0.079158
    },
    "emitPickReflectionTextures.flurry": {
      "totalMs": 6.271,
      "count": 6263,
      "avgMs": 0.001001,
      "maxMs": 0.013325
    },
    "stage.phase": {
      "totalMs": 6.001,
      "count": 856,
      "avgMs": 0.007011,
      "maxMs": 0.092231
    },
    "playNotes.resolve.div": {
      "totalMs": 5.674,
      "count": 4375,
      "avgMs": 0.001297,
      "maxMs": 0.005628
    },
    "stage.envelope": {
      "totalMs": 5.082,
      "count": 856,
      "avgMs": 0.005937,
      "maxMs": 0.3125
    },
    "playNotes.texture.div": {
      "totalMs": 4.47,
      "count": 4375,
      "avgMs": 0.001022,
      "maxMs": 0.027113
    },
    "stage.silhouette": {
      "totalMs": 4.436,
      "count": 856,
      "avgMs": 0.005182,
      "maxMs": 0.161438
    },
    "playNotes.compute.beat": {
      "totalMs": 4.088,
      "count": 856,
      "avgMs": 0.004776,
      "maxMs": 0.329146
    },
    "emitPickReflectionTextures.chordBurst": {
      "totalMs": 3.825,
      "count": 3165,
      "avgMs": 0.001209,
      "maxMs": 0.016702
    },
    "stage.probability-adjust": {
      "totalMs": 3.485,
      "count": 856,
      "avgMs": 0.004071,
      "maxMs": 0.030581
    },
    "playNotes.voiceDistribute.div": {
      "totalMs": 2.351,
      "count": 3869,
      "avgMs": 0.000608,
      "maxMs": 0.018375
    },
    "playNotes.texture.beat": {
      "totalMs": 1.633,
      "count": 856,
      "avgMs": 0.001908,
      "maxMs": 0.131849
    },
    "playNotes.voiceDistribute.beat": {
      "totalMs": 0.966,
      "count": 724,
      "avgMs": 0.001334,
      "maxMs": 0.117961
    },
    "stage.complement": {
      "totalMs": 0.696,
      "count": 856,
      "avgMs": 0.000813,
      "maxMs": 0.024777
    },
    "playNotes.resolve.beat": {
      "totalMs": 0.345,
      "count": 856,
      "avgMs": 0.000403,
      "maxMs": 0.003326
    }
  }
}
