{
  "generated": "2026-03-24T01:49:08.803Z",
  "traced": true,
  "metrics": {
    "playNotes.subsubdiv": {
      "totalMs": 54264.33,
      "count": 152183,
      "avgMs": 0.356573,
      "maxMs": 9.513409
    },
    "playNotes.emitLoop.subsubdiv": {
      "totalMs": 28643.052,
      "count": 142417,
      "avgMs": 0.201121,
      "maxMs": 5.280188
    },
    "playNotesEmitPick.subsubdiv": {
      "totalMs": 28555.155,
      "count": 143869,
      "avgMs": 0.19848,
      "maxMs": 5.274519
    },
    "playNotes.motifs.subsubdiv": {
      "totalMs": 19356.459,
      "count": 142417,
      "avgMs": 0.135914,
      "maxMs": 1.868144
    },
    "playNotes.subdiv": {
      "totalMs": 9747.688,
      "count": 25974,
      "avgMs": 0.375286,
      "maxMs": 5.349149
    },
    "playNotes.emitLoop.subdiv": {
      "totalMs": 5141.232,
      "count": 24122,
      "avgMs": 0.213135,
      "maxMs": 1.576862
    },
    "playNotesEmitPick.subdiv": {
      "totalMs": 5122.203,
      "count": 24462,
      "avgMs": 0.209394,
      "maxMs": 1.574983
    },
    "playNotes.motifs.subdiv": {
      "totalMs": 3965.415,
      "count": 24122,
      "avgMs": 0.16439,
      "maxMs": 1.452603
    },
    "playNotes.resolve.subsubdiv": {
      "totalMs": 3217.014,
      "count": 152183,
      "avgMs": 0.021139,
      "maxMs": 8.369678
    },
    "emitPickCrossLayerRecord.subsubdiv": {
      "totalMs": 2502.45,
      "count": 143869,
      "avgMs": 0.017394,
      "maxMs": 1.000856
    },
    "playNotes.div": {
      "totalMs": 1611.179,
      "count": 4060,
      "avgMs": 0.396842,
      "maxMs": 2.422912
    },
    "stage.beat-setup": {
      "totalMs": 978.233,
      "count": 765,
      "avgMs": 1.278735,
      "maxMs": 9.289908
    },
    "playNotes.emitLoop.div": {
      "totalMs": 854.868,
      "count": 3726,
      "avgMs": 0.229433,
      "maxMs": 1.804784
    },
    "playNotesEmitPick.div": {
      "totalMs": 851.12,
      "count": 4158,
      "avgMs": 0.204695,
      "maxMs": 1.185469
    },
    "playNotes.motifs.div": {
      "totalMs": 664.762,
      "count": 3726,
      "avgMs": 0.178412,
      "maxMs": 2.214978
    },
    "stage.emission": {
      "totalMs": 445.87,
      "count": 765,
      "avgMs": 0.582836,
      "maxMs": 5.405008
    },
    "playNotes.beat": {
      "totalMs": 444.606,
      "count": 765,
      "avgMs": 0.581184,
      "maxMs": 5.187324
    },
    "emitPickCrossLayerRecord.subdiv": {
      "totalMs": 434.938,
      "count": 24462,
      "avgMs": 0.01778,
      "maxMs": 0.249807
    },
    "playNotes.compute.subsubdiv": {
      "totalMs": 284.95,
      "count": 152183,
      "avgMs": 0.001872,
      "maxMs": 1.779282
    },
    "playNotes.emitLoop.beat": {
      "totalMs": 236.247,
      "count": 665,
      "avgMs": 0.355258,
      "maxMs": 2.427744
    },
    "playNotesEmitPick.beat": {
      "totalMs": 234.793,
      "count": 1299,
      "avgMs": 0.180749,
      "maxMs": 1.777019
    },
    "playNotes.motifs.beat": {
      "totalMs": 178.812,
      "count": 665,
      "avgMs": 0.26889,
      "maxMs": 1.882557
    },
    "playNotes.resolve.subdiv": {
      "totalMs": 136.774,
      "count": 25974,
      "avgMs": 0.005266,
      "maxMs": 4.795949
    },
    "playNotes.texture.subsubdiv": {
      "totalMs": 104.938,
      "count": 152183,
      "avgMs": 0.00069,
      "maxMs": 0.604253
    },
    "emitPickCrossLayerRecord.div": {
      "totalMs": 74.524,
      "count": 4158,
      "avgMs": 0.017923,
      "maxMs": 0.069144
    },
    "stage.negotiation": {
      "totalMs": 65.545,
      "count": 765,
      "avgMs": 0.085679,
      "maxMs": 0.981724
    },
    "playNotes.compute.subdiv": {
      "totalMs": 61.157,
      "count": 25974,
      "avgMs": 0.002355,
      "maxMs": 0.516668
    },
    "playNotes.voiceDistribute.subsubdiv": {
      "totalMs": 57.796,
      "count": 142417,
      "avgMs": 0.000406,
      "maxMs": 0.57233
    },
    "emitPickCrossLayerRecord.beat": {
      "totalMs": 25.524,
      "count": 1299,
      "avgMs": 0.019649,
      "maxMs": 0.348278
    },
    "playNotes.texture.subdiv": {
      "totalMs": 24.218,
      "count": 25974,
      "avgMs": 0.000932,
      "maxMs": 0.026763
    },
    "emitPickSourceTextures.flurry": {
      "totalMs": 20.24,
      "count": 5613,
      "avgMs": 0.003606,
      "maxMs": 0.089189
    },
    "stage.entropy": {
      "totalMs": 19.427,
      "count": 765,
      "avgMs": 0.025395,
      "maxMs": 0.445321
    },
    "emitPickSourceTextures.chordBurst": {
      "totalMs": 12.796,
      "count": 3815,
      "avgMs": 0.003354,
      "maxMs": 0.439768
    },
    "playNotes.voiceDistribute.subdiv": {
      "totalMs": 11.404,
      "count": 24122,
      "avgMs": 0.000473,
      "maxMs": 0.026351
    },
    "playNotes.compute.div": {
      "totalMs": 10.573,
      "count": 4060,
      "avgMs": 0.002604,
      "maxMs": 0.024649
    },
    "stage.post-beat": {
      "totalMs": 10.189,
      "count": 765,
      "avgMs": 0.013319,
      "maxMs": 0.281506
    },
    "stage.tension-cadence": {
      "totalMs": 8.559,
      "count": 765,
      "avgMs": 0.011189,
      "maxMs": 0.088064
    },
    "stage.rest": {
      "totalMs": 7.529,
      "count": 765,
      "avgMs": 0.009842,
      "maxMs": 0.070297
    },
    "stage.climax": {
      "totalMs": 6.898,
      "count": 765,
      "avgMs": 0.009017,
      "maxMs": 0.123149
    },
    "emitPickReflectionTextures.flurry": {
      "totalMs": 6.861,
      "count": 5613,
      "avgMs": 0.001222,
      "maxMs": 0.027605
    },
    "stage.phase": {
      "totalMs": 6.077,
      "count": 765,
      "avgMs": 0.007944,
      "maxMs": 0.095561
    },
    "playNotes.resolve.div": {
      "totalMs": 4.909,
      "count": 4060,
      "avgMs": 0.001209,
      "maxMs": 0.027331
    },
    "emitPickReflectionTextures.chordBurst": {
      "totalMs": 4.896,
      "count": 3815,
      "avgMs": 0.001283,
      "maxMs": 0.023304
    },
    "stage.intent": {
      "totalMs": 4.796,
      "count": 765,
      "avgMs": 0.00627,
      "maxMs": 0.084021
    },
    "stage.envelope": {
      "totalMs": 4.702,
      "count": 765,
      "avgMs": 0.006146,
      "maxMs": 0.084808
    },
    "playNotes.compute.beat": {
      "totalMs": 4.497,
      "count": 765,
      "avgMs": 0.005878,
      "maxMs": 0.240401
    },
    "playNotes.texture.div": {
      "totalMs": 4.076,
      "count": 4060,
      "avgMs": 0.001004,
      "maxMs": 0.01071
    },
    "stage.silhouette": {
      "totalMs": 3.802,
      "count": 765,
      "avgMs": 0.00497,
      "maxMs": 0.141625
    },
    "playNotes.voiceDistribute.div": {
      "totalMs": 2.163,
      "count": 3726,
      "avgMs": 0.000581,
      "maxMs": 0.02529
    },
    "playNotes.texture.beat": {
      "totalMs": 1.543,
      "count": 765,
      "avgMs": 0.002017,
      "maxMs": 0.130906
    },
    "stage.probability-adjust": {
      "totalMs": 1.209,
      "count": 765,
      "avgMs": 0.00158,
      "maxMs": 0.022353
    },
    "playNotes.voiceDistribute.beat": {
      "totalMs": 0.864,
      "count": 665,
      "avgMs": 0.0013,
      "maxMs": 0.103985
    },
    "stage.complement": {
      "totalMs": 0.738,
      "count": 765,
      "avgMs": 0.000964,
      "maxMs": 0.021261
    },
    "playNotes.resolve.beat": {
      "totalMs": 0.295,
      "count": 765,
      "avgMs": 0.000386,
      "maxMs": 0.026136
    }
  }
}
