{
  "generated": "2026-03-24T00:53:40.350Z",
  "traced": true,
  "metrics": {
    "playNotes.subsubdiv": {
      "totalMs": 48962.735,
      "count": 154034,
      "avgMs": 0.31787,
      "maxMs": 10.078689
    },
    "playNotes.emitLoop.subsubdiv": {
      "totalMs": 22825.542,
      "count": 140580,
      "avgMs": 0.162367,
      "maxMs": 2.589144
    },
    "playNotesEmitPick.subsubdiv": {
      "totalMs": 22734.021,
      "count": 142146,
      "avgMs": 0.159934,
      "maxMs": 2.587942
    },
    "playNotes.motifs.subsubdiv": {
      "totalMs": 19720.901,
      "count": 140580,
      "avgMs": 0.140282,
      "maxMs": 9.654679
    },
    "playNotes.subdiv": {
      "totalMs": 8839.248,
      "count": 26253,
      "avgMs": 0.336695,
      "maxMs": 6.167072
    },
    "playNotes.emitLoop.subdiv": {
      "totalMs": 4126.853,
      "count": 23618,
      "avgMs": 0.174733,
      "maxMs": 4.578596
    },
    "playNotesEmitPick.subdiv": {
      "totalMs": 4107.579,
      "count": 23992,
      "avgMs": 0.171206,
      "maxMs": 4.573234
    },
    "playNotes.motifs.subdiv": {
      "totalMs": 4039.68,
      "count": 23618,
      "avgMs": 0.171042,
      "maxMs": 4.46814
    },
    "playNotes.resolve.subsubdiv": {
      "totalMs": 3419.686,
      "count": 154034,
      "avgMs": 0.022201,
      "maxMs": 8.410999
    },
    "emitPickCrossLayerRecord.subsubdiv": {
      "totalMs": 2452.298,
      "count": 142146,
      "avgMs": 0.017252,
      "maxMs": 0.590311
    },
    "playNotes.div": {
      "totalMs": 1473.698,
      "count": 4114,
      "avgMs": 0.358215,
      "maxMs": 2.481935
    },
    "stage.beat-setup": {
      "totalMs": 1004.095,
      "count": 799,
      "avgMs": 1.256689,
      "maxMs": 11.666949
    },
    "playNotes.emitLoop.div": {
      "totalMs": 700.082,
      "count": 3656,
      "avgMs": 0.191489,
      "maxMs": 1.921207
    },
    "playNotesEmitPick.div": {
      "totalMs": 696.485,
      "count": 4144,
      "avgMs": 0.168071,
      "maxMs": 1.039042
    },
    "playNotes.motifs.div": {
      "totalMs": 682.116,
      "count": 3656,
      "avgMs": 0.186574,
      "maxMs": 1.049597
    },
    "emitPickCrossLayerRecord.subdiv": {
      "totalMs": 430.767,
      "count": 23992,
      "avgMs": 0.017955,
      "maxMs": 0.867709
    },
    "stage.emission": {
      "totalMs": 417.67,
      "count": 799,
      "avgMs": 0.52274,
      "maxMs": 3.92273
    },
    "playNotes.beat": {
      "totalMs": 416.295,
      "count": 799,
      "avgMs": 0.52102,
      "maxMs": 3.708991
    },
    "playNotes.compute.subsubdiv": {
      "totalMs": 279.937,
      "count": 154034,
      "avgMs": 0.001817,
      "maxMs": 0.725809
    },
    "playNotes.emitLoop.beat": {
      "totalMs": 202.046,
      "count": 675,
      "avgMs": 0.299328,
      "maxMs": 2.177915
    },
    "playNotesEmitPick.beat": {
      "totalMs": 200.395,
      "count": 1337,
      "avgMs": 0.149884,
      "maxMs": 1.763891
    },
    "playNotes.motifs.beat": {
      "totalMs": 183.74,
      "count": 675,
      "avgMs": 0.272207,
      "maxMs": 1.289966
    },
    "playNotes.resolve.subdiv": {
      "totalMs": 170.127,
      "count": 26253,
      "avgMs": 0.00648,
      "maxMs": 5.905297
    },
    "playNotes.texture.subsubdiv": {
      "totalMs": 101.426,
      "count": 154034,
      "avgMs": 0.000658,
      "maxMs": 0.572475
    },
    "emitPickCrossLayerRecord.div": {
      "totalMs": 74.762,
      "count": 4144,
      "avgMs": 0.018041,
      "maxMs": 0.085559
    },
    "stage.negotiation": {
      "totalMs": 74.135,
      "count": 799,
      "avgMs": 0.092784,
      "maxMs": 0.969235
    },
    "playNotes.compute.subdiv": {
      "totalMs": 57.25,
      "count": 26253,
      "avgMs": 0.002181,
      "maxMs": 0.043186
    },
    "playNotes.voiceDistribute.subsubdiv": {
      "totalMs": 51.309,
      "count": 140580,
      "avgMs": 0.000365,
      "maxMs": 0.5165
    },
    "emitPickCrossLayerRecord.beat": {
      "totalMs": 27.208,
      "count": 1337,
      "avgMs": 0.02035,
      "maxMs": 0.33257
    },
    "playNotes.texture.subdiv": {
      "totalMs": 23.92,
      "count": 26253,
      "avgMs": 0.000911,
      "maxMs": 0.093308
    },
    "emitPickSourceTextures.flurry": {
      "totalMs": 22.338,
      "count": 5431,
      "avgMs": 0.004113,
      "maxMs": 0.238526
    },
    "stage.entropy": {
      "totalMs": 19.433,
      "count": 799,
      "avgMs": 0.024321,
      "maxMs": 0.221559
    },
    "stage.post-beat": {
      "totalMs": 14.602,
      "count": 799,
      "avgMs": 0.018275,
      "maxMs": 0.269357
    },
    "emitPickSourceTextures.chordBurst": {
      "totalMs": 11.11,
      "count": 3019,
      "avgMs": 0.00368,
      "maxMs": 0.084617
    },
    "playNotes.compute.div": {
      "totalMs": 10.473,
      "count": 4114,
      "avgMs": 0.002546,
      "maxMs": 0.028565
    },
    "playNotes.voiceDistribute.subdiv": {
      "totalMs": 10.473,
      "count": 23618,
      "avgMs": 0.000443,
      "maxMs": 0.03954
    },
    "stage.tension-cadence": {
      "totalMs": 8.771,
      "count": 799,
      "avgMs": 0.010977,
      "maxMs": 0.084532
    },
    "stage.rest": {
      "totalMs": 7.678,
      "count": 799,
      "avgMs": 0.00961,
      "maxMs": 0.064446
    },
    "stage.climax": {
      "totalMs": 7.317,
      "count": 799,
      "avgMs": 0.009158,
      "maxMs": 0.129264
    },
    "stage.phase": {
      "totalMs": 6.698,
      "count": 799,
      "avgMs": 0.008383,
      "maxMs": 0.151349
    },
    "emitPickReflectionTextures.flurry": {
      "totalMs": 5.988,
      "count": 5431,
      "avgMs": 0.001103,
      "maxMs": 0.027642
    },
    "stage.envelope": {
      "totalMs": 5.152,
      "count": 799,
      "avgMs": 0.006449,
      "maxMs": 0.083132
    },
    "stage.intent": {
      "totalMs": 5.068,
      "count": 799,
      "avgMs": 0.006343,
      "maxMs": 0.095425
    },
    "playNotes.resolve.div": {
      "totalMs": 4.893,
      "count": 4114,
      "avgMs": 0.001189,
      "maxMs": 0.008168
    },
    "playNotes.texture.div": {
      "totalMs": 4.143,
      "count": 4114,
      "avgMs": 0.001007,
      "maxMs": 0.027247
    },
    "stage.silhouette": {
      "totalMs": 4.048,
      "count": 799,
      "avgMs": 0.005066,
      "maxMs": 0.15162
    },
    "emitPickReflectionTextures.chordBurst": {
      "totalMs": 3.874,
      "count": 3019,
      "avgMs": 0.001283,
      "maxMs": 0.025072
    },
    "playNotes.compute.beat": {
      "totalMs": 3.853,
      "count": 799,
      "avgMs": 0.004822,
      "maxMs": 0.240112
    },
    "playNotes.voiceDistribute.div": {
      "totalMs": 1.998,
      "count": 3656,
      "avgMs": 0.000547,
      "maxMs": 0.032341
    },
    "playNotes.texture.beat": {
      "totalMs": 1.638,
      "count": 799,
      "avgMs": 0.00205,
      "maxMs": 0.139612
    },
    "stage.probability-adjust": {
      "totalMs": 1.155,
      "count": 799,
      "avgMs": 0.001446,
      "maxMs": 0.027391
    },
    "playNotes.voiceDistribute.beat": {
      "totalMs": 0.832,
      "count": 675,
      "avgMs": 0.001233,
      "maxMs": 0.092051
    },
    "stage.complement": {
      "totalMs": 0.798,
      "count": 799,
      "avgMs": 0.000999,
      "maxMs": 0.02044
    },
    "playNotes.resolve.beat": {
      "totalMs": 0.362,
      "count": 799,
      "avgMs": 0.000453,
      "maxMs": 0.009601
    }
  }
}
