{
  "generated": "2026-03-26T00:20:40.531Z",
  "traced": true,
  "metrics": {
    "playNotes.subsubdiv": {
      "totalMs": 67345.951,
      "count": 186299,
      "avgMs": 0.361494,
      "maxMs": 8.088322
    },
    "playNotes.emitLoop.subsubdiv": {
      "totalMs": 34931.633,
      "count": 179761,
      "avgMs": 0.194323,
      "maxMs": 4.039831
    },
    "playNotesEmitPick.subsubdiv": {
      "totalMs": 34817.466,
      "count": 182036,
      "avgMs": 0.191267,
      "maxMs": 4.038206
    },
    "playNotes.motifs.subsubdiv": {
      "totalMs": 24470.036,
      "count": 179761,
      "avgMs": 0.136125,
      "maxMs": 6.512159
    },
    "playNotes.subdiv": {
      "totalMs": 11925.283,
      "count": 31844,
      "avgMs": 0.374491,
      "maxMs": 5.639687
    },
    "playNotes.emitLoop.subdiv": {
      "totalMs": 6270.856,
      "count": 30610,
      "avgMs": 0.204863,
      "maxMs": 2.054738
    },
    "playNotesEmitPick.subdiv": {
      "totalMs": 6246.948,
      "count": 31136,
      "avgMs": 0.200634,
      "maxMs": 2.05356
    },
    "playNotes.motifs.subdiv": {
      "totalMs": 4887.936,
      "count": 30610,
      "avgMs": 0.159684,
      "maxMs": 1.731127
    },
    "playNotes.resolve.subsubdiv": {
      "totalMs": 4104.003,
      "count": 186299,
      "avgMs": 0.022029,
      "maxMs": 7.141388
    },
    "emitPickCrossLayerRecord.subsubdiv": {
      "totalMs": 2975.315,
      "count": 182036,
      "avgMs": 0.016345,
      "maxMs": 3.791043
    },
    "playNotes.div": {
      "totalMs": 2040.554,
      "count": 5002,
      "avgMs": 0.407948,
      "maxMs": 5.078394
    },
    "stage.beat-setup": {
      "totalMs": 1186.29,
      "count": 973,
      "avgMs": 1.219209,
      "maxMs": 10.608714
    },
    "playNotes.emitLoop.div": {
      "totalMs": 1095.296,
      "count": 4790,
      "avgMs": 0.228663,
      "maxMs": 2.403785
    },
    "playNotesEmitPick.div": {
      "totalMs": 1090.959,
      "count": 5456,
      "avgMs": 0.199956,
      "maxMs": 1.200851
    },
    "playNotes.motifs.div": {
      "totalMs": 822.024,
      "count": 4790,
      "avgMs": 0.171612,
      "maxMs": 1.094127
    },
    "stage.emission": {
      "totalMs": 626.694,
      "count": 973,
      "avgMs": 0.644084,
      "maxMs": 6.537817
    },
    "playNotes.beat": {
      "totalMs": 625.291,
      "count": 973,
      "avgMs": 0.642642,
      "maxMs": 6.317419
    },
    "emitPickCrossLayerRecord.subdiv": {
      "totalMs": 525.705,
      "count": 31136,
      "avgMs": 0.016884,
      "maxMs": 0.675011
    },
    "playNotes.emitLoop.beat": {
      "totalMs": 349.058,
      "count": 914,
      "avgMs": 0.381901,
      "maxMs": 2.956078
    },
    "playNotesEmitPick.beat": {
      "totalMs": 347.196,
      "count": 1895,
      "avgMs": 0.183217,
      "maxMs": 1.922833
    },
    "playNotes.compute.subsubdiv": {
      "totalMs": 323.245,
      "count": 186299,
      "avgMs": 0.001735,
      "maxMs": 0.777648
    },
    "playNotes.motifs.beat": {
      "totalMs": 237.915,
      "count": 914,
      "avgMs": 0.260301,
      "maxMs": 2.405705
    },
    "playNotes.resolve.subdiv": {
      "totalMs": 121.05,
      "count": 31844,
      "avgMs": 0.003801,
      "maxMs": 5.278241
    },
    "playNotes.texture.subsubdiv": {
      "totalMs": 116.591,
      "count": 186299,
      "avgMs": 0.000626,
      "maxMs": 0.503883
    },
    "emitPickCrossLayerRecord.div": {
      "totalMs": 92.954,
      "count": 5456,
      "avgMs": 0.017037,
      "maxMs": 0.15026
    },
    "stage.negotiation": {
      "totalMs": 90.512,
      "count": 973,
      "avgMs": 0.093023,
      "maxMs": 1.023204
    },
    "playNotes.compute.subdiv": {
      "totalMs": 67.789,
      "count": 31844,
      "avgMs": 0.002129,
      "maxMs": 0.029572
    },
    "playNotes.voiceDistribute.subsubdiv": {
      "totalMs": 63.166,
      "count": 179761,
      "avgMs": 0.000351,
      "maxMs": 0.395046
    },
    "emitPickCrossLayerRecord.beat": {
      "totalMs": 34.942,
      "count": 1895,
      "avgMs": 0.018439,
      "maxMs": 0.335365
    },
    "emitPickSourceTextures.flurry": {
      "totalMs": 28.177,
      "count": 9130,
      "avgMs": 0.003086,
      "maxMs": 0.084075
    },
    "playNotes.texture.subdiv": {
      "totalMs": 27.213,
      "count": 31844,
      "avgMs": 0.000855,
      "maxMs": 0.026826
    },
    "emitPickSourceTextures.chordBurst": {
      "totalMs": 22.552,
      "count": 8105,
      "avgMs": 0.002782,
      "maxMs": 0.087386
    },
    "stage.entropy": {
      "totalMs": 20.15,
      "count": 973,
      "avgMs": 0.020709,
      "maxMs": 0.685317
    },
    "stage.post-beat": {
      "totalMs": 15.926,
      "count": 973,
      "avgMs": 0.016368,
      "maxMs": 0.304431
    },
    "playNotes.resolve.div": {
      "totalMs": 14.428,
      "count": 5002,
      "avgMs": 0.002885,
      "maxMs": 4.749878
    },
    "playNotes.voiceDistribute.subdiv": {
      "totalMs": 13.556,
      "count": 30610,
      "avgMs": 0.000443,
      "maxMs": 0.026557
    },
    "playNotes.compute.div": {
      "totalMs": 12.136,
      "count": 5002,
      "avgMs": 0.002426,
      "maxMs": 0.030873
    },
    "stage.rest": {
      "totalMs": 9.464,
      "count": 973,
      "avgMs": 0.009727,
      "maxMs": 0.094534
    },
    "stage.tension-cadence": {
      "totalMs": 9.38,
      "count": 973,
      "avgMs": 0.009641,
      "maxMs": 0.093734
    },
    "emitPickReflectionTextures.chordBurst": {
      "totalMs": 9.151,
      "count": 8105,
      "avgMs": 0.001129,
      "maxMs": 0.027159
    },
    "emitPickReflectionTextures.flurry": {
      "totalMs": 8.4,
      "count": 9130,
      "avgMs": 0.00092,
      "maxMs": 0.026633
    },
    "stage.climax": {
      "totalMs": 8.284,
      "count": 973,
      "avgMs": 0.008514,
      "maxMs": 0.130688
    },
    "stage.phase": {
      "totalMs": 7.03,
      "count": 973,
      "avgMs": 0.007225,
      "maxMs": 0.130573
    },
    "stage.intent": {
      "totalMs": 6.447,
      "count": 973,
      "avgMs": 0.006626,
      "maxMs": 0.115347
    },
    "playNotes.compute.beat": {
      "totalMs": 6.142,
      "count": 973,
      "avgMs": 0.006312,
      "maxMs": 0.617233
    },
    "stage.envelope": {
      "totalMs": 5.43,
      "count": 973,
      "avgMs": 0.005581,
      "maxMs": 0.107727
    },
    "stage.silhouette": {
      "totalMs": 5.046,
      "count": 973,
      "avgMs": 0.005186,
      "maxMs": 0.221089
    },
    "playNotes.texture.div": {
      "totalMs": 4.562,
      "count": 5002,
      "avgMs": 0.000912,
      "maxMs": 0.026324
    },
    "playNotes.voiceDistribute.div": {
      "totalMs": 2.477,
      "count": 4790,
      "avgMs": 0.000517,
      "maxMs": 0.014382
    },
    "playNotes.texture.beat": {
      "totalMs": 1.823,
      "count": 973,
      "avgMs": 0.001873,
      "maxMs": 0.132607
    },
    "stage.probability-adjust": {
      "totalMs": 1.536,
      "count": 973,
      "avgMs": 0.001578,
      "maxMs": 0.033351
    },
    "playNotes.voiceDistribute.beat": {
      "totalMs": 1.1,
      "count": 914,
      "avgMs": 0.001204,
      "maxMs": 0.107341
    },
    "stage.complement": {
      "totalMs": 0.784,
      "count": 973,
      "avgMs": 0.000806,
      "maxMs": 0.023159
    },
    "playNotes.resolve.beat": {
      "totalMs": 0.41,
      "count": 973,
      "avgMs": 0.000422,
      "maxMs": 0.003189
    }
  }
}
