{
  "generated": "2026-03-24T04:36:57.767Z",
  "traced": true,
  "metrics": {
    "playNotes.subsubdiv": {
      "totalMs": 41979.432,
      "count": 121772,
      "avgMs": 0.344738,
      "maxMs": 7.656576
    },
    "playNotes.emitLoop.subsubdiv": {
      "totalMs": 22524.598,
      "count": 113647,
      "avgMs": 0.198198,
      "maxMs": 5.917105
    },
    "playNotesEmitPick.subsubdiv": {
      "totalMs": 22452.336,
      "count": 114906,
      "avgMs": 0.195397,
      "maxMs": 5.443152
    },
    "playNotes.motifs.subsubdiv": {
      "totalMs": 14462.295,
      "count": 113647,
      "avgMs": 0.127256,
      "maxMs": 1.362491
    },
    "playNotes.subdiv": {
      "totalMs": 7367.136,
      "count": 20899,
      "avgMs": 0.352511,
      "maxMs": 6.003963
    },
    "playNotes.emitLoop.subdiv": {
      "totalMs": 4052.238,
      "count": 19308,
      "avgMs": 0.209874,
      "maxMs": 1.59408
    },
    "playNotesEmitPick.subdiv": {
      "totalMs": 4036.823,
      "count": 19613,
      "avgMs": 0.205824,
      "maxMs": 1.592366
    },
    "playNotes.motifs.subdiv": {
      "totalMs": 2797.163,
      "count": 19308,
      "avgMs": 0.144871,
      "maxMs": 5.556763
    },
    "playNotes.resolve.subsubdiv": {
      "totalMs": 2598.668,
      "count": 121772,
      "avgMs": 0.02134,
      "maxMs": 7.074985
    },
    "emitPickCrossLayerRecord.subsubdiv": {
      "totalMs": 2009.742,
      "count": 114906,
      "avgMs": 0.01749,
      "maxMs": 0.900917
    },
    "playNotes.div": {
      "totalMs": 1239.7,
      "count": 3292,
      "avgMs": 0.376579,
      "maxMs": 1.664181
    },
    "stage.beat-setup": {
      "totalMs": 809.821,
      "count": 625,
      "avgMs": 1.295713,
      "maxMs": 8.249851
    },
    "playNotes.emitLoop.div": {
      "totalMs": 696.202,
      "count": 2998,
      "avgMs": 0.232222,
      "maxMs": 1.422908
    },
    "playNotesEmitPick.div": {
      "totalMs": 693.245,
      "count": 3399,
      "avgMs": 0.203956,
      "maxMs": 0.969865
    },
    "playNotes.motifs.div": {
      "totalMs": 469.968,
      "count": 2998,
      "avgMs": 0.15676,
      "maxMs": 1.254386
    },
    "emitPickCrossLayerRecord.subdiv": {
      "totalMs": 355.156,
      "count": 19613,
      "avgMs": 0.018108,
      "maxMs": 0.715249
    },
    "stage.emission": {
      "totalMs": 355.153,
      "count": 625,
      "avgMs": 0.568245,
      "maxMs": 3.893827
    },
    "playNotes.beat": {
      "totalMs": 354.141,
      "count": 625,
      "avgMs": 0.566625,
      "maxMs": 3.67872
    },
    "playNotes.compute.subsubdiv": {
      "totalMs": 211.344,
      "count": 121772,
      "avgMs": 0.001736,
      "maxMs": 0.572431
    },
    "playNotes.emitLoop.beat": {
      "totalMs": 204.694,
      "count": 537,
      "avgMs": 0.381181,
      "maxMs": 2.128055
    },
    "playNotesEmitPick.beat": {
      "totalMs": 203.282,
      "count": 1080,
      "avgMs": 0.188224,
      "maxMs": 1.821541
    },
    "playNotes.motifs.beat": {
      "totalMs": 125.694,
      "count": 537,
      "avgMs": 0.234067,
      "maxMs": 1.031802
    },
    "playNotes.resolve.subdiv": {
      "totalMs": 113.116,
      "count": 20899,
      "avgMs": 0.005412,
      "maxMs": 4.939451
    },
    "playNotes.texture.subsubdiv": {
      "totalMs": 81.246,
      "count": 121772,
      "avgMs": 0.000667,
      "maxMs": 0.639774
    },
    "emitPickCrossLayerRecord.div": {
      "totalMs": 62.234,
      "count": 3399,
      "avgMs": 0.01831,
      "maxMs": 0.066538
    },
    "stage.negotiation": {
      "totalMs": 54.382,
      "count": 625,
      "avgMs": 0.087011,
      "maxMs": 0.952147
    },
    "playNotes.compute.subdiv": {
      "totalMs": 44.684,
      "count": 20899,
      "avgMs": 0.002138,
      "maxMs": 0.695884
    },
    "playNotes.voiceDistribute.subsubdiv": {
      "totalMs": 42.486,
      "count": 113647,
      "avgMs": 0.000374,
      "maxMs": 0.036975
    },
    "emitPickCrossLayerRecord.beat": {
      "totalMs": 21.412,
      "count": 1080,
      "avgMs": 0.019826,
      "maxMs": 0.333231
    },
    "emitPickSourceTextures.flurry": {
      "totalMs": 20.12,
      "count": 5369,
      "avgMs": 0.003748,
      "maxMs": 0.098064
    },
    "playNotes.texture.subdiv": {
      "totalMs": 19.478,
      "count": 20899,
      "avgMs": 0.000932,
      "maxMs": 0.03033
    },
    "stage.entropy": {
      "totalMs": 15.078,
      "count": 625,
      "avgMs": 0.024125,
      "maxMs": 0.216494
    },
    "emitPickSourceTextures.chordBurst": {
      "totalMs": 10.652,
      "count": 3142,
      "avgMs": 0.00339,
      "maxMs": 0.182331
    },
    "stage.post-beat": {
      "totalMs": 9.307,
      "count": 625,
      "avgMs": 0.014891,
      "maxMs": 0.272847
    },
    "playNotes.voiceDistribute.subdiv": {
      "totalMs": 9.191,
      "count": 19308,
      "avgMs": 0.000476,
      "maxMs": 0.275051
    },
    "playNotes.compute.div": {
      "totalMs": 8.159,
      "count": 3292,
      "avgMs": 0.002478,
      "maxMs": 0.030387
    },
    "stage.tension-cadence": {
      "totalMs": 7.476,
      "count": 625,
      "avgMs": 0.011962,
      "maxMs": 0.572295
    },
    "stage.rest": {
      "totalMs": 6.208,
      "count": 625,
      "avgMs": 0.009932,
      "maxMs": 0.087565
    },
    "emitPickReflectionTextures.flurry": {
      "totalMs": 5.852,
      "count": 5369,
      "avgMs": 0.00109,
      "maxMs": 0.02699
    },
    "stage.climax": {
      "totalMs": 5.284,
      "count": 625,
      "avgMs": 0.008455,
      "maxMs": 0.117481
    },
    "stage.phase": {
      "totalMs": 5.19,
      "count": 625,
      "avgMs": 0.008305,
      "maxMs": 0.09075
    },
    "playNotes.resolve.div": {
      "totalMs": 4.066,
      "count": 3292,
      "avgMs": 0.001235,
      "maxMs": 0.023783
    },
    "stage.intent": {
      "totalMs": 4.038,
      "count": 625,
      "avgMs": 0.006461,
      "maxMs": 0.101821
    },
    "emitPickReflectionTextures.chordBurst": {
      "totalMs": 3.975,
      "count": 3142,
      "avgMs": 0.001265,
      "maxMs": 0.016632
    },
    "stage.envelope": {
      "totalMs": 3.68,
      "count": 625,
      "avgMs": 0.005888,
      "maxMs": 0.081515
    },
    "playNotes.texture.div": {
      "totalMs": 3.373,
      "count": 3292,
      "avgMs": 0.001024,
      "maxMs": 0.006069
    },
    "playNotes.compute.beat": {
      "totalMs": 3.369,
      "count": 625,
      "avgMs": 0.00539,
      "maxMs": 0.249654
    },
    "stage.silhouette": {
      "totalMs": 3.368,
      "count": 625,
      "avgMs": 0.005389,
      "maxMs": 0.138182
    },
    "playNotes.voiceDistribute.div": {
      "totalMs": 1.64,
      "count": 2998,
      "avgMs": 0.000547,
      "maxMs": 0.011533
    },
    "playNotes.texture.beat": {
      "totalMs": 1.317,
      "count": 625,
      "avgMs": 0.002108,
      "maxMs": 0.133863
    },
    "stage.probability-adjust": {
      "totalMs": 1.066,
      "count": 625,
      "avgMs": 0.001706,
      "maxMs": 0.02777
    },
    "playNotes.voiceDistribute.beat": {
      "totalMs": 0.718,
      "count": 537,
      "avgMs": 0.001337,
      "maxMs": 0.09283
    },
    "stage.complement": {
      "totalMs": 0.577,
      "count": 625,
      "avgMs": 0.000924,
      "maxMs": 0.021292
    },
    "playNotes.resolve.beat": {
      "totalMs": 0.242,
      "count": 625,
      "avgMs": 0.000387,
      "maxMs": 0.014661
    }
  }
}
