{
  "generated": "2026-03-25T07:53:50.331Z",
  "traced": true,
  "metrics": {
    "playNotes.subsubdiv": {
      "totalMs": 76895.773,
      "count": 222180,
      "avgMs": 0.346097,
      "maxMs": 10.076826
    },
    "playNotes.emitLoop.subsubdiv": {
      "totalMs": 37754.752,
      "count": 215716,
      "avgMs": 0.175021,
      "maxMs": 7.012922
    },
    "playNotesEmitPick.subsubdiv": {
      "totalMs": 37618.184,
      "count": 218305,
      "avgMs": 0.172319,
      "maxMs": 7.006166
    },
    "playNotes.motifs.subsubdiv": {
      "totalMs": 29598.41,
      "count": 215716,
      "avgMs": 0.13721,
      "maxMs": 3.542721
    },
    "playNotes.subdiv": {
      "totalMs": 13910.857,
      "count": 37859,
      "avgMs": 0.367439,
      "maxMs": 8.323207
    },
    "playNotes.emitLoop.subdiv": {
      "totalMs": 6784.191,
      "count": 36662,
      "avgMs": 0.185047,
      "maxMs": 1.900398
    },
    "playNotesEmitPick.subdiv": {
      "totalMs": 6755.108,
      "count": 37218,
      "avgMs": 0.181501,
      "maxMs": 1.898897
    },
    "playNotes.motifs.subdiv": {
      "totalMs": 6223.965,
      "count": 36662,
      "avgMs": 0.169766,
      "maxMs": 7.955844
    },
    "playNotes.resolve.subsubdiv": {
      "totalMs": 4894.049,
      "count": 222180,
      "avgMs": 0.022027,
      "maxMs": 9.328118
    },
    "emitPickCrossLayerRecord.subsubdiv": {
      "totalMs": 3697.008,
      "count": 218305,
      "avgMs": 0.016935,
      "maxMs": 1.425662
    },
    "playNotes.div": {
      "totalMs": 2410.443,
      "count": 5938,
      "avgMs": 0.405935,
      "maxMs": 3.761066
    },
    "stage.beat-setup": {
      "totalMs": 1428.99,
      "count": 1165,
      "avgMs": 1.226601,
      "maxMs": 10.114655
    },
    "playNotes.emitLoop.div": {
      "totalMs": 1194.088,
      "count": 5701,
      "avgMs": 0.209452,
      "maxMs": 1.845199
    },
    "playNotesEmitPick.div": {
      "totalMs": 1188.656,
      "count": 6570,
      "avgMs": 0.180922,
      "maxMs": 1.337834
    },
    "playNotes.motifs.div": {
      "totalMs": 1074.741,
      "count": 5701,
      "avgMs": 0.188518,
      "maxMs": 1.316936
    },
    "stage.emission": {
      "totalMs": 733.535,
      "count": 1165,
      "avgMs": 0.629643,
      "maxMs": 6.15289
    },
    "playNotes.beat": {
      "totalMs": 731.875,
      "count": 1165,
      "avgMs": 0.628219,
      "maxMs": 5.940188
    },
    "emitPickCrossLayerRecord.subdiv": {
      "totalMs": 655.958,
      "count": 37218,
      "avgMs": 0.017625,
      "maxMs": 0.675179
    },
    "playNotes.compute.subsubdiv": {
      "totalMs": 396.638,
      "count": 222180,
      "avgMs": 0.001785,
      "maxMs": 0.724427
    },
    "playNotes.emitLoop.beat": {
      "totalMs": 364.658,
      "count": 1110,
      "avgMs": 0.32852,
      "maxMs": 3.00306
    },
    "playNotesEmitPick.beat": {
      "totalMs": 362.391,
      "count": 2277,
      "avgMs": 0.159153,
      "maxMs": 1.674372
    },
    "playNotes.motifs.beat": {
      "totalMs": 320.387,
      "count": 1110,
      "avgMs": 0.288637,
      "maxMs": 2.410297
    },
    "playNotes.texture.subsubdiv": {
      "totalMs": 145.212,
      "count": 222180,
      "avgMs": 0.000654,
      "maxMs": 0.595424
    },
    "playNotes.resolve.subdiv": {
      "totalMs": 131.126,
      "count": 37859,
      "avgMs": 0.003464,
      "maxMs": 5.456577
    },
    "emitPickCrossLayerRecord.div": {
      "totalMs": 116.288,
      "count": 6570,
      "avgMs": 0.0177,
      "maxMs": 0.093209
    },
    "stage.negotiation": {
      "totalMs": 106.638,
      "count": 1165,
      "avgMs": 0.091534,
      "maxMs": 0.951428
    },
    "playNotes.compute.subdiv": {
      "totalMs": 83.025,
      "count": 37859,
      "avgMs": 0.002193,
      "maxMs": 0.495024
    },
    "playNotes.voiceDistribute.subsubdiv": {
      "totalMs": 72.682,
      "count": 215716,
      "avgMs": 0.000337,
      "maxMs": 0.040286
    },
    "emitPickCrossLayerRecord.beat": {
      "totalMs": 42.907,
      "count": 2277,
      "avgMs": 0.018844,
      "maxMs": 0.345007
    },
    "emitPickSourceTextures.flurry": {
      "totalMs": 34.21,
      "count": 11196,
      "avgMs": 0.003056,
      "maxMs": 0.089812
    },
    "playNotes.texture.subdiv": {
      "totalMs": 32.604,
      "count": 37859,
      "avgMs": 0.000861,
      "maxMs": 0.465547
    },
    "emitPickSourceTextures.chordBurst": {
      "totalMs": 28.726,
      "count": 10310,
      "avgMs": 0.002786,
      "maxMs": 0.063219
    },
    "stage.entropy": {
      "totalMs": 23.947,
      "count": 1165,
      "avgMs": 0.020555,
      "maxMs": 0.563213
    },
    "playNotes.voiceDistribute.subdiv": {
      "totalMs": 15.432,
      "count": 36662,
      "avgMs": 0.000421,
      "maxMs": 0.034359
    },
    "stage.post-beat": {
      "totalMs": 14.71,
      "count": 1165,
      "avgMs": 0.012626,
      "maxMs": 0.270384
    },
    "playNotes.compute.div": {
      "totalMs": 14.53,
      "count": 5938,
      "avgMs": 0.002447,
      "maxMs": 0.029318
    },
    "emitPickReflectionTextures.chordBurst": {
      "totalMs": 11.769,
      "count": 10310,
      "avgMs": 0.001142,
      "maxMs": 0.027176
    },
    "stage.rest": {
      "totalMs": 11.22,
      "count": 1165,
      "avgMs": 0.00963,
      "maxMs": 0.102567
    },
    "stage.climax": {
      "totalMs": 10.929,
      "count": 1165,
      "avgMs": 0.009381,
      "maxMs": 0.133329
    },
    "stage.tension-cadence": {
      "totalMs": 10.917,
      "count": 1165,
      "avgMs": 0.009371,
      "maxMs": 0.114335
    },
    "playNotes.resolve.div": {
      "totalMs": 10.676,
      "count": 5938,
      "avgMs": 0.001798,
      "maxMs": 3.538187
    },
    "emitPickReflectionTextures.flurry": {
      "totalMs": 10.132,
      "count": 11196,
      "avgMs": 0.000905,
      "maxMs": 0.019032
    },
    "stage.phase": {
      "totalMs": 8.231,
      "count": 1165,
      "avgMs": 0.007065,
      "maxMs": 0.140425
    },
    "stage.intent": {
      "totalMs": 7.678,
      "count": 1165,
      "avgMs": 0.00659,
      "maxMs": 0.125982
    },
    "stage.envelope": {
      "totalMs": 7.491,
      "count": 1165,
      "avgMs": 0.00643,
      "maxMs": 0.107994
    },
    "playNotes.compute.beat": {
      "totalMs": 6.884,
      "count": 1165,
      "avgMs": 0.005909,
      "maxMs": 0.238625
    },
    "stage.silhouette": {
      "totalMs": 5.75,
      "count": 1165,
      "avgMs": 0.004936,
      "maxMs": 0.169342
    },
    "playNotes.texture.div": {
      "totalMs": 5.502,
      "count": 5938,
      "avgMs": 0.000927,
      "maxMs": 0.005267
    },
    "playNotes.voiceDistribute.div": {
      "totalMs": 2.866,
      "count": 5701,
      "avgMs": 0.000503,
      "maxMs": 0.00422
    },
    "playNotes.texture.beat": {
      "totalMs": 2.189,
      "count": 1165,
      "avgMs": 0.001879,
      "maxMs": 0.129592
    },
    "stage.probability-adjust": {
      "totalMs": 1.53,
      "count": 1165,
      "avgMs": 0.001313,
      "maxMs": 0.026303
    },
    "playNotes.voiceDistribute.beat": {
      "totalMs": 1.301,
      "count": 1110,
      "avgMs": 0.001172,
      "maxMs": 0.111699
    },
    "stage.complement": {
      "totalMs": 0.97,
      "count": 1165,
      "avgMs": 0.000833,
      "maxMs": 0.02019
    },
    "playNotes.resolve.beat": {
      "totalMs": 0.458,
      "count": 1165,
      "avgMs": 0.000393,
      "maxMs": 0.002734
    }
  }
}
