{
  "generatedAt": "2026-03-03T16:36:09.554Z",
  "beats": {
    "totalEntries": 414,
    "byLayer": {
      "L1": 171,
      "L2": 243,
      "other": 0
    },
    "firstBeatKey": "0:0:0:0",
    "lastBeatKey": "2:1:5:9",
    "firstTimeMs": 0,
    "lastTimeMs": 59833.333333333336,
    "spanMs": 59833.333
  },
  "regimes": {
    "initializing": 30,
    "evolving": 67,
    "coherent": 213,
    "exploring": 104
  },
  "regimeDepth": {
    "maxConsecutiveCoherent": 213,
    "transitionCount": 3
  },
  "conductor": {
    "playProb": {
      "min": 0.2530807211935419,
      "max": 0.6119777645877973,
      "avg": 0.4488,
      "count": 414
    },
    "stutterProb": {
      "min": 0.22364278820683653,
      "max": 1,
      "avg": 0.5946,
      "count": 414
    },
    "density": {
      "min": 0.3469199723422757,
      "max": 0.7673699134507578,
      "avg": 0.5405,
      "count": 414
    },
    "tension": {
      "min": 0.06396197362647224,
      "max": 0.8278139440786698,
      "avg": 0.4477,
      "count": 414
    },
    "flicker": {
      "min": 0.8943399633343723,
      "max": 1.2068789328997847,
      "avg": 1.0022,
      "count": 414
    }
  },
  "couplingAbs": {
    "density-entropy": {
      "min": 0.004,
      "max": 0.592,
      "avg": 0.1349,
      "count": 384
    },
    "density-flicker": {
      "min": 0.117,
      "max": 0.992,
      "avg": 0.5797,
      "count": 384
    },
    "density-phase": {
      "min": 0,
      "max": 0.719,
      "avg": 0.3453,
      "count": 384
    },
    "density-tension": {
      "min": 0.035,
      "max": 0.863,
      "avg": 0.3601,
      "count": 384
    },
    "density-trust": {
      "min": 0.006,
      "max": 0.896,
      "avg": 0.3392,
      "count": 384
    },
    "entropy-phase": {
      "min": 0,
      "max": 0.189,
      "avg": 0.0588,
      "count": 384
    },
    "entropy-trust": {
      "min": 0.064,
      "max": 0.348,
      "avg": 0.1997,
      "count": 384
    },
    "flicker-entropy": {
      "min": 0.006,
      "max": 0.71,
      "avg": 0.1936,
      "count": 384
    },
    "flicker-phase": {
      "min": 0,
      "max": 0.38,
      "avg": 0.0642,
      "count": 384
    },
    "flicker-trust": {
      "min": 0.008,
      "max": 0.926,
      "avg": 0.3311,
      "count": 384
    },
    "tension-entropy": {
      "min": 0.088,
      "max": 0.723,
      "avg": 0.4071,
      "count": 384
    },
    "tension-flicker": {
      "min": 0.025,
      "max": 0.909,
      "avg": 0.3187,
      "count": 384
    },
    "tension-phase": {
      "min": 0,
      "max": 0.304,
      "avg": 0.0914,
      "count": 384
    },
    "tension-trust": {
      "min": 0.014,
      "max": 0.88,
      "avg": 0.0831,
      "count": 384
    }
  },
  "couplingTail": {
    "density-entropy": {
      "p90": 0.44,
      "p95": 0.44,
      "exceedanceRate": {
        "0.50": 0.0156,
        "0.70": 0,
        "0.85": 0
      }
    },
    "density-flicker": {
      "p90": 0.919,
      "p95": 0.919,
      "exceedanceRate": {
        "0.50": 0.526,
        "0.70": 0.3516,
        "0.85": 0.1953
      }
    },
    "density-phase": {
      "p90": 0.6864,
      "p95": 0.694,
      "exceedanceRate": {
        "0.50": 0.263,
        "0.70": 0.013,
        "0.85": 0
      }
    },
    "density-tension": {
      "p90": 0.863,
      "p95": 0.863,
      "exceedanceRate": {
        "0.50": 0.3073,
        "0.70": 0.1276,
        "0.85": 0.1276
      }
    },
    "density-trust": {
      "p90": 0.632,
      "p95": 0.697,
      "exceedanceRate": {
        "0.50": 0.3307,
        "0.70": 0.0313,
        "0.85": 0.0313
      }
    },
    "entropy-phase": {
      "p90": 0.139,
      "p95": 0.162,
      "exceedanceRate": {
        "0.50": 0,
        "0.70": 0,
        "0.85": 0
      }
    },
    "entropy-trust": {
      "p90": 0.348,
      "p95": 0.348,
      "exceedanceRate": {
        "0.50": 0,
        "0.70": 0,
        "0.85": 0
      }
    },
    "flicker-entropy": {
      "p90": 0.418,
      "p95": 0.418,
      "exceedanceRate": {
        "0.50": 0.0469,
        "0.70": 0.0156,
        "0.85": 0
      }
    },
    "flicker-phase": {
      "p90": 0.15,
      "p95": 0.1527,
      "exceedanceRate": {
        "0.50": 0,
        "0.70": 0,
        "0.85": 0
      }
    },
    "flicker-trust": {
      "p90": 0.579,
      "p95": 0.584,
      "exceedanceRate": {
        "0.50": 0.3828,
        "0.70": 0.0313,
        "0.85": 0.0156
      }
    },
    "tension-entropy": {
      "p90": 0.645,
      "p95": 0.723,
      "exceedanceRate": {
        "0.50": 0.2318,
        "0.70": 0.0885,
        "0.85": 0
      }
    },
    "tension-flicker": {
      "p90": 0.909,
      "p95": 0.909,
      "exceedanceRate": {
        "0.50": 0.1797,
        "0.70": 0.1432,
        "0.85": 0.1276
      }
    },
    "tension-phase": {
      "p90": 0.234,
      "p95": 0.25,
      "exceedanceRate": {
        "0.50": 0,
        "0.70": 0,
        "0.85": 0
      }
    },
    "tension-trust": {
      "p90": 0.171,
      "p95": 0.219,
      "exceedanceRate": {
        "0.50": 0.0313,
        "0.70": 0.0313,
        "0.85": 0.0313
      }
    }
  },
  "couplingHotspots": [
    {
      "pair": "density-flicker",
      "p95": 0.919,
      "avg": 0.5797
    },
    {
      "pair": "density-tension",
      "p95": 0.863,
      "avg": 0.3601
    },
    {
      "pair": "tension-entropy",
      "p95": 0.723,
      "avg": 0.4071
    },
    {
      "pair": "tension-flicker",
      "p95": 0.909,
      "avg": 0.3187
    }
  ],
  "couplingCorrelation": {
    "density-entropy": {
      "pearsonR": -0.1139,
      "meanSigned": 0.0734,
      "direction": "stable"
    },
    "density-flicker": {
      "pearsonR": -0.9513,
      "meanSigned": 0.5797,
      "direction": "decreasing"
    },
    "density-phase": {
      "pearsonR": -0.579,
      "meanSigned": -0.3453,
      "direction": "decreasing"
    },
    "density-tension": {
      "pearsonR": -0.5538,
      "meanSigned": 0.3221,
      "direction": "decreasing"
    },
    "density-trust": {
      "pearsonR": 0.9224,
      "meanSigned": -0.3392,
      "direction": "increasing"
    },
    "entropy-phase": {
      "pearsonR": -0.014,
      "meanSigned": 0.0231,
      "direction": "stable"
    },
    "entropy-trust": {
      "pearsonR": 0.4865,
      "meanSigned": 0.1657,
      "direction": "increasing"
    },
    "flicker-entropy": {
      "pearsonR": 0.4096,
      "meanSigned": 0.1257,
      "direction": "increasing"
    },
    "flicker-phase": {
      "pearsonR": 0.1828,
      "meanSigned": -0.0067,
      "direction": "stable"
    },
    "flicker-trust": {
      "pearsonR": 0.7634,
      "meanSigned": -0.3056,
      "direction": "increasing"
    },
    "tension-entropy": {
      "pearsonR": -0.8147,
      "meanSigned": -0.0862,
      "direction": "decreasing"
    },
    "tension-flicker": {
      "pearsonR": -0.606,
      "meanSigned": 0.2637,
      "direction": "decreasing"
    },
    "tension-phase": {
      "pearsonR": -0.153,
      "meanSigned": -0.0792,
      "direction": "stable"
    },
    "tension-trust": {
      "pearsonR": -0.2056,
      "meanSigned": -0.0142,
      "direction": "stable"
    }
  },
  "trustScoreAbs": {
    "cadenceAlignment": {
      "min": 0.08092575414345166,
      "max": 0.231768,
      "avg": 0.1097,
      "count": 414
    },
    "coherenceMonitor": {
      "min": 0.0774225,
      "max": 0.74925,
      "avg": 0.6873,
      "count": 414
    },
    "convergence": {
      "min": 0.05,
      "max": 0.23875954914918077,
      "avg": 0.1961,
      "count": 414
    },
    "entropyRegulator": {
      "min": 0.05,
      "max": 0.74925,
      "avg": 0.4339,
      "count": 414
    },
    "feedbackOscillator": {
      "min": 0.05,
      "max": 0.36644558976373787,
      "avg": 0.2379,
      "count": 414
    },
    "phaseLock": {
      "min": 0.05,
      "max": 0.6223192513172887,
      "avg": 0.4302,
      "count": 414
    },
    "restSynchronizer": {
      "min": 0.10148211272246885,
      "max": 0.4326343228662466,