{
  "generatedAt": "2026-03-03T23:57:26.008Z",
  "beats": {
    "totalEntries": 418,
    "byLayer": {
      "L1": 174,
      "L2": 244,
      "other": 0
    },
    "firstBeatKey": "0:0:0:0",
    "lastBeatKey": "3:0:7:4",
    "firstTimeMs": 0,
    "lastTimeMs": 63013.88888888889,
    "spanMs": 63013.889
  },
  "regimes": {
    "initializing": 73,
    "evolving": 7,
    "coherent": 284,
    "exploring": 54
  },
  "regimeDepth": {
    "maxConsecutiveCoherent": 151,
    "transitionCount": 4
  },
  "conductor": {
    "playProb": {
      "min": 0.25317820938331426,
      "max": 0.5697870300175044,
      "avg": 0.4302,
      "count": 418
    },
    "stutterProb": {
      "min": 0.22612671874999998,
      "max": 1,
      "avg": 0.5939,
      "count": 418
    },
    "density": {
      "min": 0.2912259678467699,
      "max": 0.7900333958741457,
      "avg": 0.5673,
      "count": 418
    },
    "tension": {
      "min": 0.0654208642328429,
      "max": 0.8604098318723074,
      "avg": 0.6111,
      "count": 418
    },
    "flicker": {
      "min": 0.8614244518143399,
      "max": 1.1835088013457304,
      "avg": 0.96,
      "count": 418
    }
  },
  "couplingAbs": {
    "density-entropy": {
      "min": 0.005,
      "max": 0.765,
      "avg": 0.2149,
      "count": 345
    },
    "density-flicker": {
      "min": 0.003,
      "max": 0.941,
      "avg": 0.3605,
      "count": 345
    },
    "density-phase": {
      "min": 0,
      "max": 0.632,
      "avg": 0.1857,
      "count": 345
    },
    "density-tension": {
      "min": 0.274,
      "max": 0.774,
      "avg": 0.4699,
      "count": 345
    },
    "density-trust": {
      "min": 0.001,
      "max": 0.852,
      "avg": 0.2318,
      "count": 345
    },
    "entropy-phase": {
      "min": 0,
      "max": 0.353,
      "avg": 0.1793,
      "count": 345
    },
    "entropy-trust": {
      "min": 0.005,
      "max": 0.381,
      "avg": 0.1991,
      "count": 345
    },
    "flicker-entropy": {
      "min": 0.004,
      "max": 0.781,
      "avg": 0.22,
      "count": 345
    },
    "flicker-phase": {
      "min": 0,
      "max": 0.878,
      "avg": 0.4709,
      "count": 345
    },
    "flicker-trust": {
      "min": 0.001,
      "max": 0.982,
      "avg": 0.2215,
      "count": 345
    },
    "tension-entropy": {
      "min": 0.004,
      "max": 0.648,
      "avg": 0.2316,
      "count": 345
    },
    "tension-flicker": {
      "min": 0.009,
      "max": 0.875,
      "avg": 0.279,
      "count": 345
    },
    "tension-phase": {
      "min": 0,
      "max": 0.734,
      "avg": 0.3008,
      "count": 345
    },
    "tension-trust": {
      "min": 0.001,
      "max": 0.904,
      "avg": 0.1129,
      "count": 345
    }
  },
  "couplingTail": {
    "density-entropy": {
      "p90": 0.449,
      "p95": 0.449,
      "exceedanceRate": {
        "0.50": 0.0261,
        "0.70": 0.0058,
        "0.85": 0
      }
    },
    "density-flicker": {
      "p90": 0.9194,
      "p95": 0.94,
      "exceedanceRate": {
        "0.50": 0.3797,
        "0.70": 0.1913,
        "0.85": 0.1101
      }
    },
    "density-phase": {
      "p90": 0.255,
      "p95": 0.611,
      "exceedanceRate": {
        "0.50": 0.0696,
        "0.70": 0,
        "0.85": 0
      }
    },
    "density-tension": {
      "p90": 0.5774,
      "p95": 0.743,
      "exceedanceRate": {
        "0.50": 0.429,
        "0.70": 0.0696,
        "0.85": 0
      }
    },
    "density-trust": {
      "p90": 0.424,
      "p95": 0.449,
      "exceedanceRate": {
        "0.50": 0.0435,
        "0.70": 0.0145,
        "0.85": 0.0029
      }
    },
    "entropy-phase": {
      "p90": 0.324,
      "p95": 0.324,
      "exceedanceRate": {
        "0.50": 0,
        "0.70": 0,
        "0.85": 0
      }
    },
    "entropy-trust": {
      "p90": 0.334,
      "p95": 0.334,
      "exceedanceRate": {
        "0.50": 0,
        "0.70": 0,
        "0.85": 0
      }
    },
    "flicker-entropy": {
      "p90": 0.4,
      "p95": 0.4,
      "exceedanceRate": {
        "0.50": 0.0174,
        "0.70": 0.0116,
        "0.85": 0
      }
    },
    "flicker-phase": {
      "p90": 0.803,
      "p95": 0.873,
      "exceedanceRate": {
        "0.50": 0.5507,
        "0.70": 0.2522,
        "0.85": 0.0725
      }
    },
    "flicker-trust": {
      "p90": 0.386,
      "p95": 0.386,
      "exceedanceRate": {
        "0.50": 0.0087,
        "0.70": 0.0087,
        "0.85": 0.0029
      }
    },
    "tension-entropy": {
      "p90": 0.519,
      "p95": 0.519,
      "exceedanceRate": {
        "0.50": 0.1478,
        "0.70": 0,
        "0.85": 0
      }
    },
    "tension-flicker": {
      "p90": 0.583,
      "p95": 0.583,
      "exceedanceRate": {
        "0.50": 0.1304,
        "0.70": 0.0145,
        "0.85": 0.0029
      }
    },
    "tension-phase": {
      "p90": 0.4942,
      "p95": 0.664,
      "exceedanceRate": {
        "0.50": 0.0812,
        "0.70": 0.0377,
        "0.85": 0
      }
    },
    "tension-trust": {
      "p90": 0.252,
      "p95": 0.337,
      "exceedanceRate": {
        "0.50": 0.0087,
        "0.70": 0.0087,
        "0.85": 0.0087
      }
    }
  },
  "couplingHotspots": [
    {
      "pair": "density-flicker",
      "p95": 0.94,
      "avg": 0.3605
    },
    {
      "pair": "density-tension",
      "p95": 0.743,
      "avg": 0.4699
    },
    {
      "pair": "flicker-phase",
      "p95": 0.873,
      "avg": 0.4709
    }
  ],
  "couplingCorrelation": {
    "density-entropy": {
      "pearsonR": -0.0955,
      "meanSigned": -0.1702,
      "direction": "stable"
    },
    "density-flicker": {
      "pearsonR": -0.9373,
      "meanSigned": 0.2556,
      "direction": "decreasing"
    },
    "density-phase": {
      "pearsonR": 0.6405,
      "meanSigned": 0.0009,
      "direction": "increasing"
    },
    "density-tension": {
      "pearsonR": -0.5218,
      "meanSigned": 0.459,
      "direction": "decreasing"
    },
    "density-trust": {
      "pearsonR": 0.2688,
      "meanSigned": -0.2034,
      "direction": "stable"
    },
    "entropy-phase": {
      "pearsonR": -0.728,
      "meanSigned": -0.169,
      "direction": "decreasing"
    },
    "entropy-trust": {
      "pearsonR": 0.3144,
      "meanSigned": 0.0518,
      "direction": "increasing"
    },
    "flicker-entropy": {
      "pearsonR": 0.003,
      "meanSigned": -0.2004,
      "direction": "stable"
    },
    "flicker-phase": {
      "pearsonR": 0.7553,
      "meanSigned": 0.3275,
      "direction": "increasing"
    },
    "flicker-trust": {
      "pearsonR": 0.916,
      "meanSigned": -0.0142,
      "direction": "increasing"
    },
    "tension-entropy": {
      "pearsonR": -0.6367,
      "meanSigned": -0.2285,
      "direction": "decreasing"
    },
    "tension-flicker": {
      "pearsonR": -0.6021,
      "meanSigned": 0.1526,
      "direction": "decreasing"
    },
    "tension-phase": {
      "pearsonR": 0.3725,
      "meanSigned": -0.2228,
      "direction": "increasing"
    },
    "tension-trust": {
      "pearsonR": 0.1645,
      "meanSigned": 0.0351,
      "direction": "stable"
    }
  },
  "trustScoreAbs": {
    "cadenceAlignment": {
      "min": 0.1316830483144135,
      "max": 0.40638862875661513,
      "avg": 0.2306,
      "count": 418
    },
    "coherenceMonitor": {
      "min": 0.0774225,
      "max": 0.74925,
      "avg": 0.695,
      "count": 418
    },
    "convergence": {
      "min": 0.05,
      "max": 0.2997170988630554,
      "avg": 0.2307,
      "count": 418
    },
    "entropyRegulator": {
      "min": 0.05,
      "max": 0.74925,
      "avg": 0.3849,
      "count": 418
    },
    "feedbackOscillator": {
      "min": 0.05,
      "max": 0.36995577998807383,
      "avg": 0.2535,
      "count": 418
    },
    "phaseLock": {
      "min": 0.05,
      "max": 0.6206904992655075,
      "avg": 0.4612,
      "count": 418
    },
    "restSynchronizer": {
      "min": 0.17955536428724908,
      "max": 0.3880597782201275,
      "avg": 0.2625,
      "count": 418
    },