{
  "generatedAt": "2026-03-04T01:55:03.949Z",
  "beats": {
    "totalEntries": 745,
    "byLayer": {
      "L1": 328,
      "L2": 417,
      "other": 0
    },
    "firstBeatKey": "0:0:0:0",
    "lastBeatKey": "3:2:1:13",
    "firstTimeMs": 0,
    "lastTimeMs": 100583.33333333334,
    "spanMs": 100583.333
  },
  "regimes": {
    "initializing": 60,
    "evolving": 557,
    "exploring": 128
  },
  "regimeDepth": {
    "maxConsecutiveCoherent": 0,
    "transitionCount": 2
  },
  "conductor": {
    "playProb": {
      "min": 0.2554367342582792,
      "max": 0.5917757746955052,
      "avg": 0.4125,
      "count": 745
    },
    "stutterProb": {
      "min": 0.2251653884447219,
      "max": 1,
      "avg": 0.5049,
      "count": 745
    },
    "density": {
      "min": 0.3072490864397901,
      "max": 0.6609102421938068,
      "avg": 0.488,
      "count": 745
    },
    "tension": {
      "min": 0.06396197362647224,
      "max": 0.7558182304982939,
      "avg": 0.5278,
      "count": 745
    },
    "flicker": {
      "min": 0.9144651736443359,
      "max": 1.1758264947429509,
      "avg": 1.0785,
      "count": 745
    }
  },
  "couplingAbs": {
    "density-entropy": {
      "min": 0.003,
      "max": 0.628,
      "avg": 0.2887,
      "count": 685
    },
    "density-flicker": {
      "min": 0.001,
      "max": 0.993,
      "avg": 0.3672,
      "count": 685
    },
    "density-phase": {
      "min": 0,
      "max": 0.639,
      "avg": 0.1662,
      "count": 685
    },
    "density-tension": {
      "min": 0.012,
      "max": 0.793,
      "avg": 0.4323,
      "count": 685
    },
    "density-trust": {
      "min": 0,
      "max": 0.969,
      "avg": 0.2797,
      "count": 685
    },
    "entropy-phase": {
      "min": 0,
      "max": 0.833,
      "avg": 0.2507,
      "count": 685
    },
    "entropy-trust": {
      "min": 0.003,
      "max": 0.68,
      "avg": 0.2529,
      "count": 685
    },
    "flicker-entropy": {
      "min": 0.001,
      "max": 0.67,
      "avg": 0.1628,
      "count": 685
    },
    "flicker-phase": {
      "min": 0,
      "max": 0.791,
      "avg": 0.2677,
      "count": 685
    },
    "flicker-trust": {
      "min": 0.002,
      "max": 0.992,
      "avg": 0.3811,
      "count": 685
    },
    "tension-entropy": {
      "min": 0.019,
      "max": 0.659,
      "avg": 0.4209,
      "count": 685
    },
    "tension-flicker": {
      "min": 0.002,
      "max": 0.862,
      "avg": 0.3285,
      "count": 685
    },
    "tension-phase": {
      "min": 0,
      "max": 0.806,
      "avg": 0.3438,
      "count": 685
    },
    "tension-trust": {
      "min": 0.004,
      "max": 0.688,
      "avg": 0.2249,
      "count": 685
    }
  },
  "couplingTail": {
    "density-entropy": {
      "p90": 0.537,
      "p95": 0.54,
      "exceedanceRate": {
        "0.50": 0.2263,
        "0.70": 0,
        "0.85": 0
      }
    },
    "density-flicker": {
      "p90": 0.882,
      "p95": 0.993,
      "exceedanceRate": {
        "0.50": 0.2993,
        "0.70": 0.2993,
        "0.85": 0.1942
      }
    },
    "density-phase": {
      "p90": 0.446,
      "p95": 0.541,
      "exceedanceRate": {
        "0.50": 0.0569,
        "0.70": 0,
        "0.85": 0
      }
    },
    "density-tension": {
      "p90": 0.72,
      "p95": 0.729,
      "exceedanceRate": {
        "0.50": 0.3737,
        "0.70": 0.1022,
        "0.85": 0
      }
    },
    "density-trust": {
      "p90": 0.641,
      "p95": 0.969,
      "exceedanceRate": {
        "0.50": 0.2453,
        "0.70": 0.092,
        "0.85": 0.0891
      }
    },
    "entropy-phase": {
      "p90": 0.714,
      "p95": 0.7634,
      "exceedanceRate": {
        "0.50": 0.1985,
        "0.70": 0.1372,
        "0.85": 0
      }
    },
    "entropy-trust": {
      "p90": 0.565,
      "p95": 0.582,
      "exceedanceRate": {
        "0.50": 0.1401,
        "0.70": 0,
        "0.85": 0
      }
    },
    "flicker-entropy": {
      "p90": 0.3476,
      "p95": 0.42,
      "exceedanceRate": {
        "0.50": 0.0015,
        "0.70": 0,
        "0.85": 0
      }
    },
    "flicker-phase": {
      "p90": 0.611,
      "p95": 0.791,
      "exceedanceRate": {
        "0.50": 0.2146,
        "0.70": 0.0832,
        "0.85": 0
      }
    },
    "flicker-trust": {
      "p90": 0.563,
      "p95": 0.992,
      "exceedanceRate": {
        "0.50": 0.3153,
        "0.70": 0.0891,
        "0.85": 0.0891
      }
    },
    "tension-entropy": {
      "p90": 0.62,
      "p95": 0.633,
      "exceedanceRate": {
        "0.50": 0.3139,
        "0.70": 0,
        "0.85": 0
      }
    },
    "tension-flicker": {
      "p90": 0.708,
      "p95": 0.708,
      "exceedanceRate": {
        "0.50": 0.2277,
        "0.70": 0.1051,
        "0.85": 0.0044
      }
    },
    "tension-phase": {
      "p90": 0.699,
      "p95": 0.756,
      "exceedanceRate": {
        "0.50": 0.3168,
        "0.70": 0.0613,
        "0.85": 0
      }
    },
    "tension-trust": {
      "p90": 0.376,
      "p95": 0.688,
      "exceedanceRate": {
        "0.50": 0.0891,
        "0.70": 0,
        "0.85": 0
      }
    }
  },
  "couplingHotspots": [
    {
      "pair": "density-flicker",
      "p95": 0.993,
      "avg": 0.3672
    },
    {
      "pair": "density-tension",
      "p95": 0.729,
      "avg": 0.4323
    },
    {
      "pair": "density-trust",
      "p95": 0.969,
      "avg": 0.2797
    },
    {
      "pair": "entropy-phase",
      "p95": 0.7634,
      "avg": 0.2507
    },
    {
      "pair": "flicker-phase",
      "p95": 0.791,
      "avg": 0.2677
    },
    {
      "pair": "flicker-trust",
      "p95": 0.992,
      "avg": 0.3811
    },
    {
      "pair": "tension-flicker",
      "p95": 0.708,
      "avg": 0.3285
    },
    {
      "pair": "tension-phase",
      "p95": 0.756,
      "avg": 0.3438
    }
  ],
  "couplingCorrelation": {
    "density-entropy": {
      "pearsonR": -0.6762,
      "meanSigned": -0.2766,
      "direction": "decreasing"
    },
    "density-flicker": {
      "pearsonR": -0.7158,
      "meanSigned": 0.2226,
      "direction": "decreasing"
    },
    "density-phase": {
      "pearsonR": -0.1699,
      "meanSigned": -0.1495,
      "direction": "stable"
    },
    "density-tension": {
      "pearsonR": 0.0678,
      "meanSigned": 0.3195,
      "direction": "stable"
    },
    "density-trust": {
      "pearsonR": 0.7242,
      "meanSigned": -0.2268,
      "direction": "increasing"
    },
    "entropy-phase": {
      "pearsonR": 0.7841,
      "meanSigned": 0.17,
      "direction": "increasing"
    },
    "entropy-trust": {
      "pearsonR": 0.5346,
      "meanSigned": 0.2496,
      "direction": "increasing"
    },
    "flicker-entropy": {
      "pearsonR": 0.1267,
      "meanSigned": -0.0772,
      "direction": "stable"
    },
    "flicker-phase": {
      "pearsonR": 0.1657,
      "meanSigned": 0.2389,
      "direction": "stable"
    },
    "flicker-trust": {
      "pearsonR": 0.8583,
      "meanSigned": -0.2007,
      "direction": "increasing"
    },
    "tension-entropy": {
      "pearsonR": 0.4749,
      "meanSigned": -0.411,
      "direction": "increasing"
    },
    "tension-flicker": {
      "pearsonR": -0.2641,
      "meanSigned": -0.0645,
      "direction": "stable"
    },
    "tension-phase": {
      "pearsonR": -0.2556,
      "meanSigned": -0.3332,
      "direction": "stable"
    },
    "tension-trust": {
      "pearsonR": -0.4652,
      "meanSigned": -0.0661,
      "direction": "decreasing"
    }
  },
  "trustScoreAbs": {
    "cadenceAlignment": {
      "min": 0.13518877810315938,
      "max": 0.28766340449680816,
      "avg": 0.2206,
      "count": 745
    },
    "coherenceMonitor": {
      "min": 0.0774225,
      "max": 0.74925,
      "avg": 0.7076,
      "count": 745
    },
    "convergence": {
      "min": 0.053090229134560886,
      "max": 0.293561017893893,
      "avg": 0.2257,
      "count": 745
    },
    "entropyRegulator": {
      "min": 0.053090229134560886,
      "max": 0.74925,
      "avg": 0.4207,