{
  "generatedAt": "2026-03-04T08:00:52.733Z",
  "beats": {
    "totalEntries": 439,
    "byLayer": {
      "L1": 178,
      "L2": 261,
      "other": 0
    },
    "firstBeatKey": "0:0:0:0",
    "lastBeatKey": "2:2:7:6",
    "firstTimeMs": 0,
    "lastTimeMs": 52434.64052287582,
    "spanMs": 52434.641
  },
  "regimes": {
    "initializing": 25,
    "evolving": 111,
    "exploring": 240,
    "coherent": 63
  },
  "regimeDepth": {
    "maxConsecutiveCoherent": 63,
    "transitionCount": 3
  },
  "conductor": {
    "playProb": {
      "min": 0.264188203125,
      "max": 0.6521003179806046,
      "avg": 0.4888,
      "count": 439
    },
    "stutterProb": {
      "min": 0.22612671874999998,
      "max": 1,
      "avg": 0.5919,
      "count": 439
    },
    "density": {
      "min": 0.3593972756616749,
      "max": 0.7689275195343329,
      "avg": 0.6012,
      "count": 439
    },
    "tension": {
      "min": 0.06396197362647224,
      "max": 0.7361993554303901,
      "avg": 0.3634,
      "count": 439
    },
    "flicker": {
      "min": 0.8839487728006358,
      "max": 1.191960183522994,
      "avg": 1.0279,
      "count": 439
    }
  },
  "couplingAbs": {
    "density-entropy": {
      "min": 0.002,
      "max": 0.346,
      "avg": 0.1091,
      "count": 414
    },
    "density-flicker": {
      "min": 0.012,
      "max": 0.995,
      "avg": 0.3773,
      "count": 414
    },
    "density-phase": {
      "min": 0,
      "max": 0.56,
      "avg": 0.2772,
      "count": 414
    },
    "density-tension": {
      "min": 0.09,
      "max": 0.767,
      "avg": 0.3488,
      "count": 414
    },
    "density-trust": {
      "min": 0.037,
      "max": 0.948,
      "avg": 0.44,
      "count": 414
    },
    "entropy-phase": {
      "min": 0,
      "max": 0.359,
      "avg": 0.1319,
      "count": 414
    },
    "entropy-trust": {
      "min": 0.052,
      "max": 0.267,
      "avg": 0.1715,
      "count": 414
    },
    "flicker-entropy": {
      "min": 0.009,
      "max": 0.566,
      "avg": 0.2861,
      "count": 414
    },
    "flicker-phase": {
      "min": 0,
      "max": 0.575,
      "avg": 0.1758,
      "count": 414
    },
    "flicker-trust": {
      "min": 0.032,
      "max": 0.965,
      "avg": 0.4945,
      "count": 414
    },
    "tension-entropy": {
      "min": 0.065,
      "max": 0.547,
      "avg": 0.3303,
      "count": 414
    },
    "tension-flicker": {
      "min": 0.011,
      "max": 0.807,
      "avg": 0.1764,
      "count": 414
    },
    "tension-phase": {
      "min": 0,
      "max": 0.757,
      "avg": 0.3301,
      "count": 414
    },
    "tension-trust": {
      "min": 0.002,
      "max": 0.925,
      "avg": 0.236,
      "count": 414
    }
  },
  "couplingTail": {
    "density-entropy": {
      "p90": 0.346,
      "p95": 0.346,
      "exceedanceRate": {
        "0.50": 0,
        "0.70": 0,
        "0.85": 0
      }
    },
    "density-flicker": {
      "p90": 0.958,
      "p95": 0.958,
      "exceedanceRate": {
        "0.50": 0.1691,
        "0.70": 0.1473,
        "0.85": 0.1473
      }
    },
    "density-phase": {
      "p90": 0.5,
      "p95": 0.56,
      "exceedanceRate": {
        "0.50": 0.1087,
        "0.70": 0,
        "0.85": 0
      }
    },
    "density-tension": {
      "p90": 0.742,
      "p95": 0.742,
      "exceedanceRate": {
        "0.50": 0.1473,
        "0.70": 0.1473,
        "0.85": 0
      }
    },
    "density-trust": {
      "p90": 0.896,
      "p95": 0.896,
      "exceedanceRate": {
        "0.50": 0.3237,
        "0.70": 0.1473,
        "0.85": 0.1473
      }
    },
    "entropy-phase": {
      "p90": 0.256,
      "p95": 0.29,
      "exceedanceRate": {
        "0.50": 0,
        "0.70": 0,
        "0.85": 0
      }
    },
    "entropy-trust": {
      "p90": 0.253,
      "p95": 0.253,
      "exceedanceRate": {
        "0.50": 0,
        "0.70": 0,
        "0.85": 0
      }
    },
    "flicker-entropy": {
      "p90": 0.566,
      "p95": 0.566,
      "exceedanceRate": {
        "0.50": 0.1667,
        "0.70": 0,
        "0.85": 0
      }
    },
    "flicker-phase": {
      "p90": 0.405,
      "p95": 0.405,
      "exceedanceRate": {
        "0.50": 0.0193,
        "0.70": 0,
        "0.85": 0
      }
    },
    "flicker-trust": {
      "p90": 0.79,
      "p95": 0.79,
      "exceedanceRate": {
        "0.50": 0.3937,
        "0.70": 0.157,
        "0.85": 0.0121
      }
    },
    "tension-entropy": {
      "p90": 0.469,
      "p95": 0.469,
      "exceedanceRate": {
        "0.50": 0.0097,
        "0.70": 0,
        "0.85": 0
      }
    },
    "tension-flicker": {
      "p90": 0.687,
      "p95": 0.687,
      "exceedanceRate": {
        "0.50": 0.1473,
        "0.70": 0.0121,
        "0.85": 0
      }
    },
    "tension-phase": {
      "p90": 0.658,
      "p95": 0.757,
      "exceedanceRate": {
        "0.50": 0.4928,
        "0.70": 0.099,
        "0.85": 0
      }
    },
    "tension-trust": {
      "p90": 0.925,
      "p95": 0.925,
      "exceedanceRate": {
        "0.50": 0.1473,
        "0.70": 0.1473,
        "0.85": 0.1473
      }
    }
  },
  "couplingHotspots": [
    {
      "pair": "density-flicker",
      "p95": 0.958,
      "avg": 0.3773
    },
    {
      "pair": "density-tension",
      "p95": 0.742,
      "avg": 0.3488
    },
    {
      "pair": "density-trust",
      "p95": 0.896,
      "avg": 0.44
    },
    {
      "pair": "flicker-trust",
      "p95": 0.79,
      "avg": 0.4945
    },
    {
      "pair": "tension-phase",
      "p95": 0.757,
      "avg": 0.3301
    },
    {
      "pair": "tension-trust",
      "p95": 0.925,
      "avg": 0.236
    }
  ],
  "couplingCorrelation": {
    "density-entropy": {
      "pearsonR": 0.6868,
      "meanSigned": 0.0009,
      "direction": "increasing"
    },
    "density-flicker": {
      "pearsonR": -0.7782,
      "meanSigned": 0.3773,
      "direction": "decreasing"
    },
    "density-phase": {
      "pearsonR": 0.5875,
      "meanSigned": -0.1117,
      "direction": "increasing"
    },
    "density-tension": {
      "pearsonR": 0.4343,
      "meanSigned": 0.1295,
      "direction": "increasing"
    },
    "density-trust": {
      "pearsonR": 0.9593,
      "meanSigned": -0.44,
      "direction": "increasing"
    },
    "entropy-phase": {
      "pearsonR": 0.6383,
      "meanSigned": -0.002,
      "direction": "increasing"
    },
    "entropy-trust": {
      "pearsonR": -0.0206,
      "meanSigned": 0.1715,
      "direction": "stable"
    },
    "flicker-entropy": {
      "pearsonR": 0.9438,
      "meanSigned": 0.0386,
      "direction": "increasing"
    },
    "flicker-phase": {
      "pearsonR": 0.4582,
      "meanSigned": 0.0697,
      "direction": "increasing"
    },
    "flicker-trust": {
      "pearsonR": 0.94,
      "meanSigned": -0.2264,
      "direction": "increasing"
    },
    "tension-entropy": {
      "pearsonR": -0.8289,
      "meanSigned": -0.2718,
      "direction": "decreasing"
    },
    "tension-flicker": {
      "pearsonR": 0.4808,
      "meanSigned": -0.1017,
      "direction": "increasing"
    },
    "tension-phase": {
      "pearsonR": 0.3572,
      "meanSigned": -0.3276,
      "direction": "increasing"
    },
    "tension-trust": {
      "pearsonR": -0.4987,
      "meanSigned": 0.0565,
      "direction": "decreasing"
    }
  },
  "trustScoreAbs": {
    "cadenceAlignment": {
      "min": 0.13160412321325604,
      "max": 0.5391766837159092,
      "avg": 0.2375,
      "count": 439
    },
    "coherenceMonitor": {
      "min": 0.0774225,
      "max": 0.74925,
      "avg": 0.6942,
      "count": 439
    },
    "convergence": {
      "min": 0.053090229134560886,
      "max": 0.30625582413036034,
      "avg": 0.2323,
      "count": 439
    },
    "entropyRegulator": {
      "min": 0.053090229134560886,
      "max": 0.74925,
      "avg": 0.4614,
      "count": 439
    },
    "feedbackOscillator": {
      "min": 0.053090229134560886,
      "max": 0.361879410723742,
      "avg": 0.2529,
      "count": 439
    },