{
  "generatedAt": "2026-03-03T08:05:00.766Z",
  "beats": {
    "totalEntries": 644,
    "byLayer": {
      "L1": 267,
      "L2": 377,
      "other": 0
    },
    "firstBeatKey": "0:0:0:0",
    "lastBeatKey": "3:2:1:8",
    "firstTimeMs": 0,
    "lastTimeMs": 81101.19047619047,
    "spanMs": 81101.19
  },
  "regimes": {
    "initializing": 45,
    "evolving": 42,
    "coherent": 471,
    "exploring": 86
  },
  "conductor": {
    "playProb": {
      "min": 0.25703621210884536,
      "max": 0.6506166501112542,
      "avg": 0.4471,
      "count": 644
    },
    "stutterProb": {
      "min": 0.22612671874999998,
      "max": 1,
      "avg": 0.6247,
      "count": 644
    },
    "density": {
      "min": 0.33245401594886625,
      "max": 0.7420205423134888,
      "avg": 0.5138,
      "count": 644
    },
    "tension": {
      "min": 0.06323152070303019,
      "max": 0.7652920386614889,
      "avg": 0.5483,
      "count": 644
    },
    "flicker": {
      "min": 0.9326272063575265,
      "max": 1.1741930790002038,
      "avg": 0.9935,
      "count": 644
    }
  },
  "couplingAbs": {
    "density-entropy": {
      "min": 0.001,
      "max": 0.754,
      "avg": 0.124,
      "count": 599
    },
    "density-flicker": {
      "min": 0.03,
      "max": 0.97,
      "avg": 0.4358,
      "count": 599
    },
    "density-phase": {
      "min": 0,
      "max": 0.615,
      "avg": 0.1836,
      "count": 599
    },
    "density-tension": {
      "min": 0.008,
      "max": 0.685,
      "avg": 0.346,
      "count": 599
    },
    "density-trust": {
      "min": 0.06,
      "max": 0.919,
      "avg": 0.3399,
      "count": 599
    },
    "entropy-phase": {
      "min": 0,
      "max": 0.386,
      "avg": 0.0929,
      "count": 599
    },
    "entropy-trust": {
      "min": 0.012,
      "max": 0.414,
      "avg": 0.2065,
      "count": 599
    },
    "flicker-entropy": {
      "min": 0.002,
      "max": 0.675,
      "avg": 0.0885,
      "count": 599
    },
    "flicker-phase": {
      "min": 0,
      "max": 0.797,
      "avg": 0.1664,
      "count": 599
    },
    "flicker-trust": {
      "min": 0.002,
      "max": 0.958,
      "avg": 0.3019,
      "count": 599
    },
    "tension-entropy": {
      "min": 0.293,
      "max": 0.9,
      "avg": 0.584,
      "count": 599
    },
    "tension-flicker": {
      "min": 0.007,
      "max": 0.702,
      "avg": 0.2325,
      "count": 599
    },
    "tension-phase": {
      "min": 0,
      "max": 0.811,
      "avg": 0.3244,
      "count": 599
    },
    "tension-trust": {
      "min": 0,
      "max": 0.775,
      "avg": 0.1438,
      "count": 599
    }
  },
  "couplingTail": {
    "density-entropy": {
      "p90": 0.502,
      "p95": 0.502,
      "exceedanceRate": {
        "0.50": 0.1285,
        "0.70": 0.0083,
        "0.85": 0
      }
    },
    "density-flicker": {
      "p90": 0.68,
      "p95": 0.97,
      "exceedanceRate": {
        "0.50": 0.4107,
        "0.70": 0.0801,
        "0.85": 0.0718
      }
    },
    "density-phase": {
      "p90": 0.4884,
      "p95": 0.509,
      "exceedanceRate": {
        "0.50": 0.0801,
        "0.70": 0,
        "0.85": 0
      }
    },
    "density-tension": {
      "p90": 0.678,
      "p95": 0.678,
      "exceedanceRate": {
        "0.50": 0.2387,
        "0.70": 0,
        "0.85": 0
      }
    },
    "density-trust": {
      "p90": 0.55,
      "p95": 0.919,
      "exceedanceRate": {
        "0.50": 0.2104,
        "0.70": 0.0618,
        "0.85": 0.0618
      }
    },
    "entropy-phase": {
      "p90": 0.273,
      "p95": 0.273,
      "exceedanceRate": {
        "0.50": 0,
        "0.70": 0,
        "0.85": 0
      }
    },
    "entropy-trust": {
      "p90": 0.323,
      "p95": 0.356,
      "exceedanceRate": {
        "0.50": 0,
        "0.70": 0,
        "0.85": 0
      }
    },
    "flicker-entropy": {
      "p90": 0.173,
      "p95": 0.173,
      "exceedanceRate": {
        "0.50": 0.0083,
        "0.70": 0,
        "0.85": 0
      }
    },
    "flicker-phase": {
      "p90": 0.507,
      "p95": 0.6859,
      "exceedanceRate": {
        "0.50": 0.182,
        "0.70": 0.0501,
        "0.85": 0
      }
    },
    "flicker-trust": {
      "p90": 0.412,
      "p95": 0.958,
      "exceedanceRate": {
        "0.50": 0.0618,
        "0.70": 0.0618,
        "0.85": 0.0618
      }
    },
    "tension-entropy": {
      "p90": 0.9,
      "p95": 0.9,
      "exceedanceRate": {
        "0.50": 0.6427,
        "0.70": 0.3289,
        "0.85": 0.1202
      }
    },
    "tension-flicker": {
      "p90": 0.5846,
      "p95": 0.702,
      "exceedanceRate": {
        "0.50": 0.1503,
        "0.70": 0.0618,
        "0.85": 0
      }
    },
    "tension-phase": {
      "p90": 0.738,
      "p95": 0.76,
      "exceedanceRate": {
        "0.50": 0.3072,
        "0.70": 0.197,
        "0.85": 0
      }
    },
    "tension-trust": {
      "p90": 0.334,
      "p95": 0.775,
      "exceedanceRate": {
        "0.50": 0.0618,
        "0.70": 0.0618,
        "0.85": 0
      }
    }
  },
  "couplingHotspots": [
    {
      "pair": "density-flicker",
      "p95": 0.97,
      "avg": 0.4358
    },
    {
      "pair": "density-trust",
      "p95": 0.919,
      "avg": 0.3399
    },
    {
      "pair": "flicker-trust",
      "p95": 0.958,
      "avg": 0.3019
    },
    {
      "pair": "tension-entropy",
      "p95": 0.9,
      "avg": 0.584
    },
    {
      "pair": "tension-flicker",
      "p95": 0.702,
      "avg": 0.2325
    },
    {
      "pair": "tension-phase",
      "p95": 0.76,
      "avg": 0.3244
    },
    {
      "pair": "tension-trust",
      "p95": 0.775,
      "avg": 0.1438
    }
  ],
  "couplingCorrelation": {
    "density-entropy": {
      "pearsonR": 0.5365,
      "meanSigned": -0.0907,
      "direction": "increasing"
    },
    "density-flicker": {
      "pearsonR": -0.935,
      "meanSigned": 0.2333,
      "direction": "decreasing"
    },
    "density-phase": {
      "pearsonR": 0.0685,
      "meanSigned": -0.1122,
      "direction": "stable"
    },
    "density-tension": {
      "pearsonR": -0.2642,
      "meanSigned": 0.2644,
      "direction": "stable"
    },
    "density-trust": {
      "pearsonR": 0.8806,
      "meanSigned": -0.076,
      "direction": "increasing"
    },
    "entropy-phase": {
      "pearsonR": 0.5908,
      "meanSigned": 0.0641,
      "direction": "increasing"
    },
    "entropy-trust": {
      "pearsonR": 0.5578,
      "meanSigned": 0.1887,
      "direction": "increasing"
    },
    "flicker-entropy": {
      "pearsonR": -0.0764,
      "meanSigned": 0.0384,
      "direction": "stable"
    },
    "flicker-phase": {
      "pearsonR": 0.4275,
      "meanSigned": 0.1645,
      "direction": "increasing"
    },
    "flicker-trust": {
      "pearsonR": 0.6834,
      "meanSigned": -0.244,
      "direction": "increasing"
    },
    "tension-entropy": {
      "pearsonR": 0.1261,
      "meanSigned": -0.584,
      "direction": "stable"
    },
    "tension-flicker": {
      "pearsonR": -0.1816,
      "meanSigned": -0.1713,
      "direction": "stable"
    },
    "tension-phase": {
      "pearsonR": -0.0232,
      "meanSigned": -0.2853,
      "direction": "stable"
    },
    "tension-trust": {
      "pearsonR": -0.5463,
      "meanSigned": -0.0138,
      "direction": "decreasing"
    }
  },
  "trustScoreAbs": {
    "cadenceAlignment": {
      "min": 0.2,
      "max": 0.231768,
      "avg": 0.2003,
      "count": 644
    },
    "coherenceMonitor": {
      "min": 0.0774225,
      "max": 0.74925,
      "avg": 0.6757,
      "count": 644
    },
    "convergence": {
      "min": 0.019980000000000005,
      "max": 0.2379668372909186,
      "avg": 0.1965,
      "count": 644
    },
    "entropyRegulator": {
      "min": 0.03293578124999998,
      "max": 0.74925,
      "avg": 0.5006,
      "count": 644
    },
    "feedbackOscillator": {
      "min": 0.011988,
      "max": 0.22672606057470115,
      "avg": 0.1302,
      "count": 644
    },
    "phaseLock": {
      "min": 0.014985,