{
  "generatedAt": "2026-03-03T18:22:26.909Z",
  "beats": {
    "totalEntries": 522,
    "byLayer": {
      "L1": 228,
      "L2": 294,
      "other": 0
    },
    "firstBeatKey": "0:0:0:0",
    "lastBeatKey": "4:2:1:7",
    "firstTimeMs": 0,
    "lastTimeMs": 66809.5238095238,
    "spanMs": 66809.524
  },
  "regimes": {
    "initializing": 15,
    "evolving": 12,
    "coherent": 380,
    "exploring": 115
  },
  "regimeDepth": {
    "maxConsecutiveCoherent": 326,
    "transitionCount": 5
  },
  "conductor": {
    "playProb": {
      "min": 0.25523802411489205,
      "max": 0.6394805048814836,
      "avg": 0.4249,
      "count": 522
    },
    "stutterProb": {
      "min": 0.2207512400027673,
      "max": 1,
      "avg": 0.5366,
      "count": 522
    },
    "density": {
      "min": 0.3415057674637992,
      "max": 0.8630678189863541,
      "avg": 0.6022,
      "count": 522
    },
    "tension": {
      "min": 0.06396197362647224,
      "max": 0.8165451546822968,
      "avg": 0.487,
      "count": 522
    },
    "flicker": {
      "min": 0.7971442450654336,
      "max": 1.2058092355330845,
      "avg": 0.9212,
      "count": 522
    }
  },
  "couplingAbs": {
    "density-entropy": {
      "min": 0.028,
      "max": 0.92,
      "avg": 0.4315,
      "count": 507
    },
    "density-flicker": {
      "min": 0.004,
      "max": 0.989,
      "avg": 0.4791,
      "count": 507
    },
    "density-phase": {
      "min": 0,
      "max": 0.706,
      "avg": 0.187,
      "count": 507
    },
    "density-tension": {
      "min": 0.007,
      "max": 0.649,
      "avg": 0.2471,
      "count": 507
    },
    "density-trust": {
      "min": 0.001,
      "max": 0.806,
      "avg": 0.3354,
      "count": 507
    },
    "entropy-phase": {
      "min": 0,
      "max": 0.7,
      "avg": 0.3079,
      "count": 507
    },
    "entropy-trust": {
      "min": 0.008,
      "max": 0.818,
      "avg": 0.2635,
      "count": 507
    },
    "flicker-entropy": {
      "min": 0.006,
      "max": 0.918,
      "avg": 0.4804,
      "count": 507
    },
    "flicker-phase": {
      "min": 0,
      "max": 0.796,
      "avg": 0.2641,
      "count": 507
    },
    "flicker-trust": {
      "min": 0.008,
      "max": 0.868,
      "avg": 0.395,
      "count": 507
    },
    "tension-entropy": {
      "min": 0.002,
      "max": 0.951,
      "avg": 0.2468,
      "count": 507
    },
    "tension-flicker": {
      "min": 0.003,
      "max": 0.862,
      "avg": 0.2165,
      "count": 507
    },
    "tension-phase": {
      "min": 0,
      "max": 0.626,
      "avg": 0.2528,
      "count": 507
    },
    "tension-trust": {
      "min": 0.002,
      "max": 0.928,
      "avg": 0.1146,
      "count": 507
    }
  },
  "couplingTail": {
    "density-entropy": {
      "p90": 0.7482,
      "p95": 0.92,
      "exceedanceRate": {
        "0.50": 0.3609,
        "0.70": 0.215,
        "0.85": 0.0789
      }
    },
    "density-flicker": {
      "p90": 0.927,
      "p95": 0.948,
      "exceedanceRate": {
        "0.50": 0.4694,
        "0.70": 0.3866,
        "0.85": 0.3609
      }
    },
    "density-phase": {
      "p90": 0.353,
      "p95": 0.458,
      "exceedanceRate": {
        "0.50": 0.0335,
        "0.70": 0.0039,
        "0.85": 0
      }
    },
    "density-tension": {
      "p90": 0.39,
      "p95": 0.39,
      "exceedanceRate": {
        "0.50": 0.0118,
        "0.70": 0,
        "0.85": 0
      }
    },
    "density-trust": {
      "p90": 0.743,
      "p95": 0.7458,
      "exceedanceRate": {
        "0.50": 0.3925,
        "0.70": 0.2939,
        "0.85": 0
      }
    },
    "entropy-phase": {
      "p90": 0.671,
      "p95": 0.7,
      "exceedanceRate": {
        "0.50": 0.3491,
        "0.70": 0.0611,
        "0.85": 0
      }
    },
    "entropy-trust": {
      "p90": 0.492,
      "p95": 0.493,
      "exceedanceRate": {
        "0.50": 0.0118,
        "0.70": 0.0118,
        "0.85": 0
      }
    },
    "flicker-entropy": {
      "p90": 0.862,
      "p95": 0.918,
      "exceedanceRate": {
        "0.50": 0.4951,
        "0.70": 0.2663,
        "0.85": 0.1243
      }
    },
    "flicker-phase": {
      "p90": 0.671,
      "p95": 0.76,
      "exceedanceRate": {
        "0.50": 0.2761,
        "0.70": 0.0986,
        "0.85": 0
      }
    },
    "flicker-trust": {
      "p90": 0.687,
      "p95": 0.687,
      "exceedanceRate": {
        "0.50": 0.3826,
        "0.70": 0.0059,
        "0.85": 0.0059
      }
    },
    "tension-entropy": {
      "p90": 0.493,
      "p95": 0.5373,
      "exceedanceRate": {
        "0.50": 0.0592,
        "0.70": 0.0118,
        "0.85": 0.0059
      }
    },
    "tension-flicker": {
      "p90": 0.492,
      "p95": 0.492,
      "exceedanceRate": {
        "0.50": 0.0434,
        "0.70": 0.0118,
        "0.85": 0.0059
      }
    },
    "tension-phase": {
      "p90": 0.499,
      "p95": 0.566,
      "exceedanceRate": {
        "0.50": 0.0769,
        "0.70": 0,
        "0.85": 0
      }
    },
    "tension-trust": {
      "p90": 0.246,
      "p95": 0.284,
      "exceedanceRate": {
        "0.50": 0.0118,
        "0.70": 0.0118,
        "0.85": 0.0118
      }
    }
  },
  "couplingHotspots": [
    {
      "pair": "density-entropy",
      "p95": 0.92,
      "avg": 0.4315
    },
    {
      "pair": "density-flicker",
      "p95": 0.948,
      "avg": 0.4791
    },
    {
      "pair": "density-trust",
      "p95": 0.7458,
      "avg": 0.3354
    },
    {
      "pair": "flicker-entropy",
      "p95": 0.918,
      "avg": 0.4804
    },
    {
      "pair": "flicker-phase",
      "p95": 0.76,
      "avg": 0.2641
    }
  ],
  "couplingCorrelation": {
    "density-entropy": {
      "pearsonR": -0.7442,
      "meanSigned": 0.3318,
      "direction": "decreasing"
    },
    "density-flicker": {
      "pearsonR": -0.8565,
      "meanSigned": 0.4683,
      "direction": "decreasing"
    },
    "density-phase": {
      "pearsonR": -0.4708,
      "meanSigned": -0.1021,
      "direction": "decreasing"
    },
    "density-tension": {
      "pearsonR": 0.498,
      "meanSigned": 0.1692,
      "direction": "increasing"
    },
    "density-trust": {
      "pearsonR": 0.917,
      "meanSigned": -0.3011,
      "direction": "increasing"
    },
    "entropy-phase": {
      "pearsonR": -0.5167,
      "meanSigned": -0.066,
      "direction": "decreasing"
    },
    "entropy-trust": {
      "pearsonR": 0.6028,
      "meanSigned": -0.1765,
      "direction": "increasing"
    },
    "flicker-entropy": {
      "pearsonR": -0.8241,
      "meanSigned": 0.3484,
      "direction": "decreasing"
    },
    "flicker-phase": {
      "pearsonR": 0.2714,
      "meanSigned": 0.2633,
      "direction": "stable"
    },
    "flicker-trust": {
      "pearsonR": 0.8864,
      "meanSigned": -0.3657,
      "direction": "increasing"
    },
    "tension-entropy": {
      "pearsonR": -0.4854,
      "meanSigned": -0.1923,
      "direction": "decreasing"
    },
    "tension-flicker": {
      "pearsonR": 0.3181,
      "meanSigned": -0.0526,
      "direction": "increasing"
    },
    "tension-phase": {
      "pearsonR": 0.1146,
      "meanSigned": -0.2123,
      "direction": "stable"
    },
    "tension-trust": {
      "pearsonR": -0.2047,
      "meanSigned": -0.0021,
      "direction": "stable"
    }
  },
  "trustScoreAbs": {
    "cadenceAlignment": {
      "min": 0.12908853822885671,
      "max": 0.5907113114018836,
      "avg": 0.2142,
      "count": 522
    },
    "coherenceMonitor": {
      "min": 0.0774225,
      "max": 0.74925,
      "avg": 0.6751,
      "count": 522
    },
    "convergence": {
      "min": 0.05,
      "max": 0.2628016542619893,
      "avg": 0.2003,
      "count": 522
    },
    "entropyRegulator": {
      "min": 0.05,
      "max": 0.74925,
      "avg": 0.4018,
      "count": 522
    },
    "feedbackOscillator": {
      "min": 0.05,
      "max": 0.40538018186367514,
      "avg": 0.2584,
      "count": 522
    },
    "phaseLock": {
      "min": 0.05,
      "max": 0.6621701130620974,