{
  "generatedAt": "2026-03-03T02:44:51.341Z",
  "beats": {
    "totalEntries": 534,
    "byLayer": {
      "L1": 224,
      "L2": 310,
      "other": 0
    },
    "firstBeatKey": "0:0:0:0",
    "lastBeatKey": "4:2:2:7",
    "firstTimeMs": 0,
    "lastTimeMs": 72542.73504273503,
    "spanMs": 72542.735
  },
  "regimes": {
    "initializing": 20,
    "evolving": 49,
    "coherent": 276,
    "exploring": 189
  },
  "conductor": {
    "playProb": {
      "min": 0.20769970346259137,
      "max": 0.6594078476937807,
      "avg": 0.4286,
      "count": 534
    },
    "stutterProb": {
      "min": 0.22088613382779673,
      "max": 1,
      "avg": 0.5591,
      "count": 534
    },
    "density": {
      "min": 0.3452951584480971,
      "max": 0.7977792729025014,
      "avg": 0.5799,
      "count": 534
    },
    "tension": {
      "min": 0.0654208642328429,
      "max": 0.8316066720970731,
      "avg": 0.5146,
      "count": 534
    },
    "flicker": {
      "min": 0.8997404905889952,
      "max": 1.056669594576701,
      "avg": 0.9799,
      "count": 534
    }
  },
  "couplingAbs": {
    "density-entropy": {
      "min": 0.019,
      "max": 0.863,
      "avg": 0.2172,
      "count": 514
    },
    "density-flicker": {
      "min": 0.004,
      "max": 0.99,
      "avg": 0.419,
      "count": 514
    },
    "density-phase": {
      "min": 0,
      "max": 0.738,
      "avg": 0.3202,
      "count": 514
    },
    "density-tension": {
      "min": 0.003,
      "max": 0.775,
      "avg": 0.3341,
      "count": 514
    },
    "density-trust": {
      "min": 0.001,
      "max": 0.78,
      "avg": 0.2668,
      "count": 514
    },
    "entropy-phase": {
      "min": 0,
      "max": 0.723,
      "avg": 0.3136,
      "count": 514
    },
    "entropy-trust": {
      "min": 0.013,
      "max": 0.882,
      "avg": 0.3042,
      "count": 514
    },
    "flicker-entropy": {
      "min": 0.015,
      "max": 0.938,
      "avg": 0.333,
      "count": 514
    },
    "flicker-phase": {
      "min": 0,
      "max": 0.695,
      "avg": 0.2733,
      "count": 514
    },
    "flicker-trust": {
      "min": 0.003,
      "max": 0.854,
      "avg": 0.2628,
      "count": 514
    },
    "tension-entropy": {
      "min": 0.007,
      "max": 0.923,
      "avg": 0.3233,
      "count": 514
    },
    "tension-flicker": {
      "min": 0.005,
      "max": 0.857,
      "avg": 0.2634,
      "count": 514
    },
    "tension-phase": {
      "min": 0,
      "max": 0.863,
      "avg": 0.3532,
      "count": 514
    },
    "tension-trust": {
      "min": 0.01,
      "max": 0.897,
      "avg": 0.2128,
      "count": 514
    }
  },
  "couplingTail": {
    "density-entropy": {
      "p90": 0.335,
      "p95": 0.863,
      "exceedanceRate": {
        "0.50": 0.0875,
        "0.70": 0.0798,
        "0.85": 0.0798
      }
    },
    "density-flicker": {
      "p90": 0.7758,
      "p95": 0.979,
      "exceedanceRate": {
        "0.50": 0.3619,
        "0.70": 0.2043,
        "0.85": 0.0953
      }
    },
    "density-phase": {
      "p90": 0.676,
      "p95": 0.689,
      "exceedanceRate": {
        "0.50": 0.3599,
        "0.70": 0.0097,
        "0.85": 0
      }
    },
    "density-tension": {
      "p90": 0.748,
      "p95": 0.765,
      "exceedanceRate": {
        "0.50": 0.3852,
        "0.70": 0.1148,
        "0.85": 0
      }
    },
    "density-trust": {
      "p90": 0.524,
      "p95": 0.66,
      "exceedanceRate": {
        "0.50": 0.1693,
        "0.70": 0.0409,
        "0.85": 0
      }
    },
    "entropy-phase": {
      "p90": 0.643,
      "p95": 0.692,
      "exceedanceRate": {
        "0.50": 0.2179,
        "0.70": 0.0486,
        "0.85": 0
      }
    },
    "entropy-trust": {
      "p90": 0.691,
      "p95": 0.691,
      "exceedanceRate": {
        "0.50": 0.1595,
        "0.70": 0.0311,
        "0.85": 0.0156
      }
    },
    "flicker-entropy": {
      "p90": 0.462,
      "p95": 0.938,
      "exceedanceRate": {
        "0.50": 0.0875,
        "0.70": 0.0798,
        "0.85": 0.0798
      }
    },
    "flicker-phase": {
      "p90": 0.602,
      "p95": 0.602,
      "exceedanceRate": {
        "0.50": 0.1848,
        "0.70": 0,
        "0.85": 0
      }
    },
    "flicker-trust": {
      "p90": 0.661,
      "p95": 0.667,
      "exceedanceRate": {
        "0.50": 0.1226,
        "0.70": 0.0097,
        "0.85": 0.0078
      }
    },
    "tension-entropy": {
      "p90": 0.571,
      "p95": 0.923,
      "exceedanceRate": {
        "0.50": 0.2023,
        "0.70": 0.0798,
        "0.85": 0.0798
      }
    },
    "tension-flicker": {
      "p90": 0.587,
      "p95": 0.857,
      "exceedanceRate": {
        "0.50": 0.1284,
        "0.70": 0.0953,
        "0.85": 0.0798
      }
    },
    "tension-phase": {
      "p90": 0.8267,
      "p95": 0.848,
      "exceedanceRate": {
        "0.50": 0.3191,
        "0.70": 0.2198,
        "0.85": 0.0117
      }
    },
    "tension-trust": {
      "p90": 0.441,
      "p95": 0.508,
      "exceedanceRate": {
        "0.50": 0.0642,
        "0.70": 0.0156,
        "0.85": 0.0078
      }
    }
  },
  "couplingHotspots": [
    {
      "pair": "density-entropy",
      "p95": 0.863,
      "avg": 0.2172
    },
    {
      "pair": "density-flicker",
      "p95": 0.979,
      "avg": 0.419
    },
    {
      "pair": "density-tension",
      "p95": 0.765,
      "avg": 0.3341
    },
    {
      "pair": "flicker-entropy",
      "p95": 0.938,
      "avg": 0.333
    },
    {
      "pair": "tension-entropy",
      "p95": 0.923,
      "avg": 0.3233
    },
    {
      "pair": "tension-flicker",
      "p95": 0.857,
      "avg": 0.2634
    },
    {
      "pair": "tension-phase",
      "p95": 0.848,
      "avg": 0.3532
    }
  ],
  "couplingCorrelation": {
    "density-entropy": {
      "pearsonR": 0.0344,
      "meanSigned": 0.1147,
      "direction": "stable"
    },
    "density-flicker": {
      "pearsonR": -0.6668,
      "meanSigned": -0.1301,
      "direction": "decreasing"
    },
    "density-phase": {
      "pearsonR": 0.5953,
      "meanSigned": -0.1161,
      "direction": "increasing"
    },
    "density-tension": {
      "pearsonR": -0.6383,
      "meanSigned": 0.2951,
      "direction": "decreasing"
    },
    "density-trust": {
      "pearsonR": 0.175,
      "meanSigned": -0.0829,
      "direction": "stable"
    },
    "entropy-phase": {
      "pearsonR": -0.0618,
      "meanSigned": 0.0745,
      "direction": "stable"
    },
    "entropy-trust": {
      "pearsonR": -0.4139,
      "meanSigned": 0.169,
      "direction": "decreasing"
    },
    "flicker-entropy": {
      "pearsonR": -0.5595,
      "meanSigned": 0.0225,
      "direction": "decreasing"
    },
    "flicker-phase": {
      "pearsonR": 0.0249,
      "meanSigned": 0.251,
      "direction": "stable"
    },
    "flicker-trust": {
      "pearsonR": 0.5118,
      "meanSigned": -0.0899,
      "direction": "increasing"
    },
    "tension-entropy": {
      "pearsonR": -0.1463,
      "meanSigned": -0.1501,
      "direction": "stable"
    },
    "tension-flicker": {
      "pearsonR": -0.2594,
      "meanSigned": -0.0129,
      "direction": "stable"
    },
    "tension-phase": {
      "pearsonR": 0.359,
      "meanSigned": -0.2779,
      "direction": "increasing"
    },
    "tension-trust": {
      "pearsonR": -0.5225,
      "meanSigned": -0.1259,
      "direction": "decreasing"
    }
  },
  "trustScoreAbs": {
    "cadenceAlignment": {
      "min": 0.0849567032773589,
      "max": 0.74925,
      "avg": 0.1481,
      "count": 534
    },
    "coherenceMonitor": {
      "min": 0.0774225,
      "max": 0.74925,
      "avg": 0.6596,
      "count": 534
    },
    "convergence": {
      "min": 0.019980000000000005,
      "max": 0.2384639263666551,
      "avg": 0.1966,
      "count": 534
    },
    "entropyRegulator": {
      "min": 0.03293578124999998,
      "max": 0.74925,
      "avg": 0.3762,
      "count": 534
    },
    "feedbackOscillator": {
      "min": 0.011988,
      "max": 0.2534667743593283,