{
  "generatedAt": "2026-03-03T06:42:38.055Z",
  "beats": {
    "totalEntries": 696,
    "byLayer": {
      "L1": 330,
      "L2": 366,
      "other": 0
    },
    "firstBeatKey": "0:0:0:0",
    "lastBeatKey": "3:3:4:5",
    "firstTimeMs": 0,
    "lastTimeMs": 83166.66666666667,
    "spanMs": 83166.667
  },
  "regimes": {
    "initializing": 25,
    "evolving": 41,
    "coherent": 226,
    "exploring": 404
  },
  "conductor": {
    "playProb": {
      "min": 0.25590478462770516,
      "max": 0.6510882907610914,
      "avg": 0.4554,
      "count": 696
    },
    "stutterProb": {
      "min": 0.2256167028861265,
      "max": 1,
      "avg": 0.5836,
      "count": 696
    },
    "density": {
      "min": 0.33836512940876184,
      "max": 0.7857794276508909,
      "avg": 0.5527,
      "count": 696
    },
    "tension": {
      "min": 0.06396197362647224,
      "max": 0.8524228491071764,
      "avg": 0.5866,
      "count": 696
    },
    "flicker": {
      "min": 0.8476090617855448,
      "max": 1.0502457381992483,
      "avg": 0.9515,
      "count": 696
    }
  },
  "couplingAbs": {
    "density-entropy": {
      "min": 0.017,
      "max": 0.487,
      "avg": 0.2011,
      "count": 671
    },
    "density-flicker": {
      "min": 0.002,
      "max": 0.995,
      "avg": 0.3808,
      "count": 671
    },
    "density-phase": {
      "min": 0,
      "max": 0.547,
      "avg": 0.2292,
      "count": 671
    },
    "density-tension": {
      "min": 0.003,
      "max": 0.745,
      "avg": 0.2739,
      "count": 671
    },
    "density-trust": {
      "min": 0.007,
      "max": 0.9,
      "avg": 0.3826,
      "count": 671
    },
    "entropy-phase": {
      "min": 0,
      "max": 0.538,
      "avg": 0.2247,
      "count": 671
    },
    "entropy-trust": {
      "min": 0.001,
      "max": 0.65,
      "avg": 0.2951,
      "count": 671
    },
    "flicker-entropy": {
      "min": 0.001,
      "max": 0.381,
      "avg": 0.0789,
      "count": 671
    },
    "flicker-phase": {
      "min": 0,
      "max": 0.551,
      "avg": 0.2579,
      "count": 671
    },
    "flicker-trust": {
      "min": 0.01,
      "max": 0.895,
      "avg": 0.3292,
      "count": 671
    },
    "tension-entropy": {
      "min": 0.007,
      "max": 0.789,
      "avg": 0.3758,
      "count": 671
    },
    "tension-flicker": {
      "min": 0.021,
      "max": 0.748,
      "avg": 0.2127,
      "count": 671
    },
    "tension-phase": {
      "min": 0,
      "max": 0.564,
      "avg": 0.2622,
      "count": 671
    },
    "tension-trust": {
      "min": 0.001,
      "max": 0.918,
      "avg": 0.2743,
      "count": 671
    }
  },
  "couplingTail": {
    "density-entropy": {
      "p90": 0.395,
      "p95": 0.3995,
      "exceedanceRate": {
        "0.50": 0,
        "0.70": 0,
        "0.85": 0
      }
    },
    "density-flicker": {
      "p90": 0.87,
      "p95": 0.952,
      "exceedanceRate": {
        "0.50": 0.2772,
        "0.70": 0.1431,
        "0.85": 0.1431
      }
    },
    "density-phase": {
      "p90": 0.485,
      "p95": 0.491,
      "exceedanceRate": {
        "0.50": 0.0268,
        "0.70": 0,
        "0.85": 0
      }
    },
    "density-tension": {
      "p90": 0.445,
      "p95": 0.73,
      "exceedanceRate": {
        "0.50": 0.0611,
        "0.70": 0.0611,
        "0.85": 0
      }
    },
    "density-trust": {
      "p90": 0.672,
      "p95": 0.877,
      "exceedanceRate": {
        "0.50": 0.2623,
        "0.70": 0.082,
        "0.85": 0.0611
      }
    },
    "entropy-phase": {
      "p90": 0.436,
      "p95": 0.455,
      "exceedanceRate": {
        "0.50": 0.006,
        "0.70": 0,
        "0.85": 0
      }
    },
    "entropy-trust": {
      "p90": 0.501,
      "p95": 0.647,
      "exceedanceRate": {
        "0.50": 0.1282,
        "0.70": 0,
        "0.85": 0
      }
    },
    "flicker-entropy": {
      "p90": 0.14,
      "p95": 0.179,
      "exceedanceRate": {
        "0.50": 0,
        "0.70": 0,
        "0.85": 0
      }
    },
    "flicker-phase": {
      "p90": 0.518,
      "p95": 0.527,
      "exceedanceRate": {
        "0.50": 0.1356,
        "0.70": 0,
        "0.85": 0
      }
    },
    "flicker-trust": {
      "p90": 0.543,
      "p95": 0.763,
      "exceedanceRate": {
        "0.50": 0.2906,
        "0.70": 0.0611,
        "0.85": 0.0075
      }
    },
    "tension-entropy": {
      "p90": 0.668,
      "p95": 0.679,
      "exceedanceRate": {
        "0.50": 0.4963,
        "0.70": 0.0209,
        "0.85": 0
      }
    },
    "tension-flicker": {
      "p90": 0.336,
      "p95": 0.748,
      "exceedanceRate": {
        "0.50": 0.0611,
        "0.70": 0.0611,
        "0.85": 0
      }
    },
    "tension-phase": {
      "p90": 0.494,
      "p95": 0.514,
      "exceedanceRate": {
        "0.50": 0.0641,
        "0.70": 0,
        "0.85": 0
      }
    },
    "tension-trust": {
      "p90": 0.487,
      "p95": 0.832,
      "exceedanceRate": {
        "0.50": 0.0641,
        "0.70": 0.0611,
        "0.85": 0.0075
      }
    }
  },
  "couplingHotspots": [
    {
      "pair": "density-flicker",
      "p95": 0.952,
      "avg": 0.3808
    },
    {
      "pair": "density-tension",
      "p95": 0.73,
      "avg": 0.2739
    },
    {
      "pair": "density-trust",
      "p95": 0.877,
      "avg": 0.3826
    },
    {
      "pair": "flicker-trust",
      "p95": 0.763,
      "avg": 0.3292
    },
    {
      "pair": "tension-flicker",
      "p95": 0.748,
      "avg": 0.2127
    },
    {
      "pair": "tension-trust",
      "p95": 0.832,
      "avg": 0.2743
    }
  ],
  "couplingCorrelation": {
    "density-entropy": {
      "pearsonR": 0.4141,
      "meanSigned": -0.1443,
      "direction": "increasing"
    },
    "density-flicker": {
      "pearsonR": -0.5387,
      "meanSigned": 0.2085,
      "direction": "decreasing"
    },
    "density-phase": {
      "pearsonR": 0.3348,
      "meanSigned": -0.1451,
      "direction": "increasing"
    },
    "density-tension": {
      "pearsonR": -0.0872,
      "meanSigned": 0.0444,
      "direction": "stable"
    },
    "density-trust": {
      "pearsonR": 0.7747,
      "meanSigned": -0.2271,
      "direction": "increasing"
    },
    "entropy-phase": {
      "pearsonR": 0.4152,
      "meanSigned": -0.0269,
      "direction": "increasing"
    },
    "entropy-trust": {
      "pearsonR": -0.5064,
      "meanSigned": 0.0697,
      "direction": "decreasing"
    },
    "flicker-entropy": {
      "pearsonR": 0.7921,
      "meanSigned": -0.0142,
      "direction": "increasing"
    },
    "flicker-phase": {
      "pearsonR": 0.294,
      "meanSigned": 0.2579,
      "direction": "stable"
    },
    "flicker-trust": {
      "pearsonR": 0.754,
      "meanSigned": -0.0998,
      "direction": "increasing"
    },
    "tension-entropy": {
      "pearsonR": -0.8432,
      "meanSigned": -0.271,
      "direction": "decreasing"
    },
    "tension-flicker": {
      "pearsonR": -0.3461,
      "meanSigned": -0.077,
      "direction": "decreasing"
    },
    "tension-phase": {
      "pearsonR": 0.0218,
      "meanSigned": -0.0759,
      "direction": "stable"
    },
    "tension-trust": {
      "pearsonR": -0.3359,
      "meanSigned": 0.162,
      "direction": "decreasing"
    }
  },
  "trustScoreAbs": {
    "cadenceAlignment": {
      "min": 0.0849567032773589,
      "max": 0.3457928604742304,
      "avg": 0.1157,
      "count": 696
    },
    "coherenceMonitor": {
      "min": 0.0774225,
      "max": 0.74925,
      "avg": 0.6928,
      "count": 696
    },
    "convergence": {
      "min": 0.019980000000000005,
      "max": 0.24081007916941075,
      "avg": 0.1963,
      "count": 696
    },
    "entropyRegulator": {
      "min": 0.03293578124999998,
      "max": 0.74925,
      "avg": 0.3804,
      "count": 696
    },
    "feedbackOscillator": {
      "min": 0.011988,
      "max": 0.2238015366408865,
      "avg": 0.1379,
      "count": 696
    },
    "phaseLock": {
      "min": 0.014985,
      "max": 0.6127551050260627,
      "avg": 0.4561,