{
  "generatedAt": "2026-03-04T09:47:45.908Z",
  "beats": {
    "totalEntries": 599,
    "byLayer": {
      "L1": 263,
      "L2": 336,
      "other": 0
    },
    "firstBeatKey": "0:0:0:0",
    "lastBeatKey": "4:3:2:9",
    "firstTimeMs": 0,
    "lastTimeMs": 78472.22222222222,
    "spanMs": 78472.222
  },
  "regimes": {
    "initializing": 31,
    "evolving": 188,
    "exploring": 336,
    "coherent": 44
  },
  "regimeDepth": {
    "maxConsecutiveCoherent": 44,
    "transitionCount": 4
  },
  "conductor": {
    "playProb": {
      "min": 0.2641460897785591,
      "max": 0.5912589459468703,
      "avg": 0.4424,
      "count": 599
    },
    "stutterProb": {
      "min": 0.22612671874999998,
      "max": 1,
      "avg": 0.5789,
      "count": 599
    },
    "density": {
      "min": 0.3156819543625284,
      "max": 0.7690370694361859,
      "avg": 0.5788,
      "count": 599
    },
    "tension": {
      "min": 0.06396197362647224,
      "max": 0.9337535450150274,
      "avg": 0.5149,
      "count": 599
    },
    "flicker": {
      "min": 0.8493841552084104,
      "max": 1.2020331762247904,
      "avg": 1.052,
      "count": 599
    }
  },
  "couplingAbs": {
    "density-entropy": {
      "min": 0.007,
      "max": 0.842,
      "avg": 0.1828,
      "count": 568
    },
    "density-flicker": {
      "min": 0.006,
      "max": 0.978,
      "avg": 0.1906,
      "count": 568
    },
    "density-phase": {
      "min": 0,
      "max": 0.831,
      "avg": 0.4568,
      "count": 568
    },
    "density-tension": {
      "min": 0.007,
      "max": 0.861,
      "avg": 0.2268,
      "count": 568
    },
    "density-trust": {
      "min": 0.026,
      "max": 0.723,
      "avg": 0.3297,
      "count": 568
    },
    "entropy-phase": {
      "min": 0,
      "max": 0.883,
      "avg": 0.3849,
      "count": 568
    },
    "entropy-trust": {
      "min": 0.007,
      "max": 0.659,
      "avg": 0.2314,
      "count": 568
    },
    "flicker-entropy": {
      "min": 0.005,
      "max": 0.818,
      "avg": 0.1401,
      "count": 568
    },
    "flicker-phase": {
      "min": 0,
      "max": 0.79,
      "avg": 0.3179,
      "count": 568
    },
    "flicker-trust": {
      "min": 0.001,
      "max": 0.866,
      "avg": 0.241,
      "count": 568
    },
    "tension-entropy": {
      "min": 0.01,
      "max": 0.776,
      "avg": 0.2338,
      "count": 568
    },
    "tension-flicker": {
      "min": 0.001,
      "max": 0.935,
      "avg": 0.23,
      "count": 568
    },
    "tension-phase": {
      "min": 0,
      "max": 0.619,
      "avg": 0.2521,
      "count": 568
    },
    "tension-trust": {
      "min": 0.008,
      "max": 0.866,
      "avg": 0.2069,
      "count": 568
    }
  },
  "couplingTail": {
    "density-entropy": {
      "p90": 0.397,
      "p95": 0.413,
      "exceedanceRate": {
        "0.50": 0.0141,
        "0.70": 0.007,
        "0.85": 0
      }
    },
    "density-flicker": {
      "p90": 0.3639,
      "p95": 0.498,
      "exceedanceRate": {
        "0.50": 0.0299,
        "0.70": 0.0299,
        "0.85": 0.0088
      }
    },
    "density-phase": {
      "p90": 0.716,
      "p95": 0.734,
      "exceedanceRate": {
        "0.50": 0.6215,
        "0.70": 0.2042,
        "0.85": 0
      }
    },
    "density-tension": {
      "p90": 0.3527,
      "p95": 0.474,
      "exceedanceRate": {
        "0.50": 0.0405,
        "0.70": 0.0211,
        "0.85": 0.0035
      }
    },
    "density-trust": {
      "p90": 0.5473,
      "p95": 0.6,
      "exceedanceRate": {
        "0.50": 0.2165,
        "0.70": 0.0018,
        "0.85": 0
      }
    },
    "entropy-phase": {
      "p90": 0.794,
      "p95": 0.797,
      "exceedanceRate": {
        "0.50": 0.4067,
        "0.70": 0.1761,
        "0.85": 0.0035
      }
    },
    "entropy-trust": {
      "p90": 0.4972,
      "p95": 0.589,
      "exceedanceRate": {
        "0.50": 0.1004,
        "0.70": 0,
        "0.85": 0
      }
    },
    "flicker-entropy": {
      "p90": 0.286,
      "p95": 0.393,
      "exceedanceRate": {
        "0.50": 0.007,
        "0.70": 0.007,
        "0.85": 0
      }
    },
    "flicker-phase": {
      "p90": 0.54,
      "p95": 0.726,
      "exceedanceRate": {
        "0.50": 0.1109,
        "0.70": 0.0863,
        "0.85": 0
      }
    },
    "flicker-trust": {
      "p90": 0.509,
      "p95": 0.532,
      "exceedanceRate": {
        "0.50": 0.162,
        "0.70": 0.0018,
        "0.85": 0.0018
      }
    },
    "tension-entropy": {
      "p90": 0.416,
      "p95": 0.582,
      "exceedanceRate": {
        "0.50": 0.0775,
        "0.70": 0.007,
        "0.85": 0
      }
    },
    "tension-flicker": {
      "p90": 0.474,
      "p95": 0.489,
      "exceedanceRate": {
        "0.50": 0.0493,
        "0.70": 0.0053,
        "0.85": 0.0035
      }
    },
    "tension-phase": {
      "p90": 0.41,
      "p95": 0.48,
      "exceedanceRate": {
        "0.50": 0.0246,
        "0.70": 0,
        "0.85": 0
      }
    },
    "tension-trust": {
      "p90": 0.323,
      "p95": 0.417,
      "exceedanceRate": {
        "0.50": 0.0018,
        "0.70": 0.0018,
        "0.85": 0.0018
      }
    }
  },
  "couplingHotspots": [
    {
      "pair": "density-phase",
      "p95": 0.734,
      "avg": 0.4568
    },
    {
      "pair": "entropy-phase",
      "p95": 0.797,
      "avg": 0.3849
    },
    {
      "pair": "flicker-phase",
      "p95": 0.726,
      "avg": 0.3179
    }
  ],
  "couplingCorrelation": {
    "density-entropy": {
      "pearsonR": 0.0183,
      "meanSigned": -0.1819,
      "direction": "stable"
    },
    "density-flicker": {
      "pearsonR": -0.6768,
      "meanSigned": 0.1875,
      "direction": "decreasing"
    },
    "density-phase": {
      "pearsonR": 0.8691,
      "meanSigned": -0.3632,
      "direction": "increasing"
    },
    "density-tension": {
      "pearsonR": -0.3403,
      "meanSigned": 0.1574,
      "direction": "decreasing"
    },
    "density-trust": {
      "pearsonR": 0.9345,
      "meanSigned": -0.3297,
      "direction": "increasing"
    },
    "entropy-phase": {
      "pearsonR": -0.3913,
      "meanSigned": -0.2187,
      "direction": "decreasing"
    },
    "entropy-trust": {
      "pearsonR": 0.3807,
      "meanSigned": 0.0676,
      "direction": "increasing"
    },
    "flicker-entropy": {
      "pearsonR": 0.1454,
      "meanSigned": 0.0599,
      "direction": "stable"
    },
    "flicker-phase": {
      "pearsonR": 0.7149,
      "meanSigned": -0.2431,
      "direction": "increasing"
    },
    "flicker-trust": {
      "pearsonR": 0.8644,
      "meanSigned": -0.1983,
      "direction": "increasing"
    },
    "tension-entropy": {
      "pearsonR": 0.3657,
      "meanSigned": -0.2043,
      "direction": "increasing"
    },
    "tension-flicker": {
      "pearsonR": -0.5524,
      "meanSigned": 0.2227,
      "direction": "decreasing"
    },
    "tension-phase": {
      "pearsonR": 0.3831,
      "meanSigned": -0.2176,
      "direction": "increasing"
    },
    "tension-trust": {
      "pearsonR": 0.8035,
      "meanSigned": -0.126,
      "direction": "increasing"
    }
  },
  "trustScoreAbs": {
    "cadenceAlignment": {
      "min": 0.1316830483144135,
      "max": 0.74925,
      "avg": 0.2763,
      "count": 599
    },
    "coherenceMonitor": {
      "min": 0.0774225,
      "max": 0.74925,
      "avg": 0.6816,
      "count": 599
    },
    "convergence": {
      "min": 0.05,
      "max": 0.3603278109198154,
      "avg": 0.2316,
      "count": 599
    },
    "entropyRegulator": {
      "min": 0.05,
      "max": 0.74925,
      "avg": 0.3745,
      "count": 599
    },
    "feedbackOscillator": {
      "min": 0.05,
      "max": 0.3870259721828697,
      "avg": 0.2672,
      "count": 599
    },
    "phaseLock": {
      "min": 0.05,
      "max": 0.6380241454088158,
      "avg": 0.4783,
      "count": 599
    },
    "restSynchronizer": {
      "min": 0.1749842140222739,
      "max": 0.538369046735391,
      "avg": 0.2633,
      "count": 599
    },