{
  "generatedAt": "2026-03-03T19:48:57.261Z",
  "beats": {
    "totalEntries": 478,
    "byLayer": {
      "L1": 230,
      "L2": 248,
      "other": 0
    },
    "firstBeatKey": "0:0:0:0",
    "lastBeatKey": "3:2:1:4",
    "firstTimeMs": 0,
    "lastTimeMs": 66111.11111111111,
    "spanMs": 66111.111
  },
  "regimes": {
    "initializing": 25,
    "evolving": 38,
    "coherent": 256,
    "exploring": 159
  },
  "regimeDepth": {
    "maxConsecutiveCoherent": 256,
    "transitionCount": 3
  },
  "conductor": {
    "playProb": {
      "min": 0.253940322259395,
      "max": 0.6160614913366201,
      "avg": 0.4302,
      "count": 478
    },
    "stutterProb": {
      "min": 0.22431174155887984,
      "max": 1,
      "avg": 0.5639,
      "count": 478
    },
    "density": {
      "min": 0.3410672729011078,
      "max": 0.7858658572467503,
      "avg": 0.5588,
      "count": 478
    },
    "tension": {
      "min": 0.06323152070303019,
      "max": 0.8309317660526042,
      "avg": 0.5459,
      "count": 478
    },
    "flicker": {
      "min": 0.9155153711475927,
      "max": 1.1954326395046466,
      "avg": 0.9847,
      "count": 478
    }
  },
  "couplingAbs": {
    "density-entropy": {
      "min": 0.006,
      "max": 0.746,
      "avg": 0.2427,
      "count": 453
    },
    "density-flicker": {
      "min": 0.003,
      "max": 0.997,
      "avg": 0.4302,
      "count": 453
    },
    "density-phase": {
      "min": 0,
      "max": 0.541,
      "avg": 0.222,
      "count": 453
    },
    "density-tension": {
      "min": 0.02,
      "max": 0.894,
      "avg": 0.3723,
      "count": 453
    },
    "density-trust": {
      "min": 0.067,
      "max": 0.879,
      "avg": 0.4342,
      "count": 453
    },
    "entropy-phase": {
      "min": 0,
      "max": 0.546,
      "avg": 0.1423,
      "count": 453
    },
    "entropy-trust": {
      "min": 0.002,
      "max": 0.794,
      "avg": 0.1241,
      "count": 453
    },
    "flicker-entropy": {
      "min": 0.003,
      "max": 0.875,
      "avg": 0.224,
      "count": 453
    },
    "flicker-phase": {
      "min": 0,
      "max": 0.551,
      "avg": 0.1327,
      "count": 453
    },
    "flicker-trust": {
      "min": 0.006,
      "max": 0.878,
      "avg": 0.3475,
      "count": 453
    },
    "tension-entropy": {
      "min": 0.01,
      "max": 0.949,
      "avg": 0.1868,
      "count": 453
    },
    "tension-flicker": {
      "min": 0.004,
      "max": 0.915,
      "avg": 0.3294,
      "count": 453
    },
    "tension-phase": {
      "min": 0,
      "max": 0.589,
      "avg": 0.1828,
      "count": 453
    },
    "tension-trust": {
      "min": 0.02,
      "max": 0.978,
      "avg": 0.2724,
      "count": 453
    }
  },
  "couplingTail": {
    "density-entropy": {
      "p90": 0.38,
      "p95": 0.6248,
      "exceedanceRate": {
        "0.50": 0.0751,
        "0.70": 0.0508,
        "0.85": 0
      }
    },
    "density-flicker": {
      "p90": 0.89,
      "p95": 0.93,
      "exceedanceRate": {
        "0.50": 0.4768,
        "0.70": 0.2362,
        "0.85": 0.2252
      }
    },
    "density-phase": {
      "p90": 0.376,
      "p95": 0.484,
      "exceedanceRate": {
        "0.50": 0.0155,
        "0.70": 0,
        "0.85": 0
      }
    },
    "density-tension": {
      "p90": 0.6276,
      "p95": 0.738,
      "exceedanceRate": {
        "0.50": 0.2362,
        "0.70": 0.0728,
        "0.85": 0.0221
      }
    },
    "density-trust": {
      "p90": 0.664,
      "p95": 0.697,
      "exceedanceRate": {
        "0.50": 0.5563,
        "0.70": 0.0464,
        "0.85": 0.0221
      }
    },
    "entropy-phase": {
      "p90": 0.312,
      "p95": 0.491,
      "exceedanceRate": {
        "0.50": 0.0464,
        "0.70": 0,
        "0.85": 0
      }
    },
    "entropy-trust": {
      "p90": 0.4704,
      "p95": 0.6218,
      "exceedanceRate": {
        "0.50": 0.0684,
        "0.70": 0.0221,
        "0.85": 0
      }
    },
    "flicker-entropy": {
      "p90": 0.3932,
      "p95": 0.808,
      "exceedanceRate": {
        "0.50": 0.0728,
        "0.70": 0.0618,
        "0.85": 0.011
      }
    },
    "flicker-phase": {
      "p90": 0.389,
      "p95": 0.551,
      "exceedanceRate": {
        "0.50": 0.0684,
        "0.70": 0,
        "0.85": 0
      }
    },
    "flicker-trust": {
      "p90": 0.57,
      "p95": 0.573,
      "exceedanceRate": {
        "0.50": 0.4393,
        "0.70": 0.011,
        "0.85": 0.011
      }
    },
    "tension-entropy": {
      "p90": 0.345,
      "p95": 0.931,
      "exceedanceRate": {
        "0.50": 0.0728,
        "0.70": 0.0728,
        "0.85": 0.0618
      }
    },
    "tension-flicker": {
      "p90": 0.719,
      "p95": 0.787,
      "exceedanceRate": {
        "0.50": 0.2362,
        "0.70": 0.1126,
        "0.85": 0.0331
      }
    },
    "tension-phase": {
      "p90": 0.413,
      "p95": 0.479,
      "exceedanceRate": {
        "0.50": 0.0155,
        "0.70": 0,
        "0.85": 0
      }
    },
    "tension-trust": {
      "p90": 0.354,
      "p95": 0.3804,
      "exceedanceRate": {
        "0.50": 0.0221,
        "0.70": 0.0221,
        "0.85": 0.0221
      }
    }
  },
  "couplingHotspots": [
    {
      "pair": "density-flicker",
      "p95": 0.93,
      "avg": 0.4302
    },
    {
      "pair": "density-tension",
      "p95": 0.738,
      "avg": 0.3723
    },
    {
      "pair": "flicker-entropy",
      "p95": 0.808,
      "avg": 0.224
    },
    {
      "pair": "tension-entropy",
      "p95": 0.931,
      "avg": 0.1868
    },
    {
      "pair": "tension-flicker",
      "p95": 0.787,
      "avg": 0.3294
    }
  ],
  "couplingCorrelation": {
    "density-entropy": {
      "pearsonR": -0.5935,
      "meanSigned": 0.1691,
      "direction": "decreasing"
    },
    "density-flicker": {
      "pearsonR": -0.9479,
      "meanSigned": 0.4244,
      "direction": "decreasing"
    },
    "density-phase": {
      "pearsonR": -0.3845,
      "meanSigned": -0.222,
      "direction": "decreasing"
    },
    "density-tension": {
      "pearsonR": -0.1906,
      "meanSigned": 0.3334,
      "direction": "stable"
    },
    "density-trust": {
      "pearsonR": 0.9078,
      "meanSigned": -0.4342,
      "direction": "increasing"
    },
    "entropy-phase": {
      "pearsonR": 0.3182,
      "meanSigned": -0.0251,
      "direction": "increasing"
    },
    "entropy-trust": {
      "pearsonR": 0.4669,
      "meanSigned": 0.0926,
      "direction": "increasing"
    },
    "flicker-entropy": {
      "pearsonR": -0.6485,
      "meanSigned": 0.175,
      "direction": "decreasing"
    },
    "flicker-phase": {
      "pearsonR": 0.4121,
      "meanSigned": 0.0902,
      "direction": "increasing"
    },
    "flicker-trust": {
      "pearsonR": 0.7432,
      "meanSigned": -0.3363,
      "direction": "increasing"
    },
    "tension-entropy": {
      "pearsonR": -0.7229,
      "meanSigned": 0.0374,
      "direction": "decreasing"
    },
    "tension-flicker": {
      "pearsonR": -0.4747,
      "meanSigned": 0.2875,
      "direction": "decreasing"
    },
    "tension-phase": {
      "pearsonR": 0.0761,
      "meanSigned": -0.1178,
      "direction": "stable"
    },
    "tension-trust": {
      "pearsonR": 0.5269,
      "meanSigned": -0.099,
      "direction": "increasing"
    }
  },
  "trustScoreAbs": {
    "cadenceAlignment": {
      "min": 0.1355675093790801,
      "max": 0.2870834110448665,
      "avg": 0.2273,
      "count": 478
    },
    "coherenceMonitor": {
      "min": 0.0774225,
      "max": 0.74925,
      "avg": 0.6998,
      "count": 478
    },
    "convergence": {
      "min": 0.053090229134560886,
      "max": 0.2945464558709009,
      "avg": 0.2298,
      "count": 478
    },
    "entropyRegulator": {
      "min": 0.053090229134560886,
      "max": 0.74925,
      "avg": 0.4228,
      "count": 478
    },
    "feedbackOscillator": {
      "min": 0.053090229134560886,
      "max": 0.374011887813096,
      "avg": 0.256,
      "count": 478
    },