{
  "generatedAt": "2026-03-03T15:23:11.098Z",
  "beats": {
    "totalEntries": 629,
    "byLayer": {
      "L1": 275,
      "L2": 354,
      "other": 0
    },
    "firstBeatKey": "0:0:0:0",
    "lastBeatKey": "4:1:2:19",
    "firstTimeMs": 0,
    "lastTimeMs": 81853.53535353536,
    "spanMs": 81853.535
  },
  "regimes": {
    "initializing": 15,
    "evolving": 12,
    "coherent": 506,
    "exploring": 96
  },
  "conductor": {
    "playProb": {
      "min": 0.19822022311646462,
      "max": 0.62343643647794,
      "avg": 0.4388,
      "count": 629
    },
    "stutterProb": {
      "min": 0.19745515140143996,
      "max": 1,
      "avg": 0.5939,
      "count": 629
    },
    "density": {
      "min": 0.349210492431946,
      "max": 0.769075574782034,
      "avg": 0.5734,
      "count": 629
    },
    "tension": {
      "min": 0.06183990845699437,
      "max": 0.6741061121056682,
      "avg": 0.5294,
      "count": 629
    },
    "flicker": {
      "min": 0.8814139287202277,
      "max": 1.204511876343689,
      "avg": 0.9504,
      "count": 629
    }
  },
  "couplingAbs": {
    "density-entropy": {
      "min": 0.005,
      "max": 0.855,
      "avg": 0.1625,
      "count": 614
    },
    "density-flicker": {
      "min": 0.089,
      "max": 0.975,
      "avg": 0.43,
      "count": 614
    },
    "density-phase": {
      "min": 0,
      "max": 0.573,
      "avg": 0.2078,
      "count": 614
    },
    "density-tension": {
      "min": 0.041,
      "max": 0.789,
      "avg": 0.3334,
      "count": 614
    },
    "density-trust": {
      "min": 0.003,
      "max": 0.756,
      "avg": 0.3251,
      "count": 614
    },
    "entropy-phase": {
      "min": 0,
      "max": 0.605,
      "avg": 0.244,
      "count": 614
    },
    "entropy-trust": {
      "min": 0.005,
      "max": 0.665,
      "avg": 0.2233,
      "count": 614
    },
    "flicker-entropy": {
      "min": 0.032,
      "max": 0.869,
      "avg": 0.1784,
      "count": 614
    },
    "flicker-phase": {
      "min": 0,
      "max": 0.593,
      "avg": 0.2022,
      "count": 614
    },
    "flicker-trust": {
      "min": 0.01,
      "max": 0.856,
      "avg": 0.2544,
      "count": 614
    },
    "tension-entropy": {
      "min": 0.008,
      "max": 0.899,
      "avg": 0.2945,
      "count": 614
    },
    "tension-flicker": {
      "min": 0.126,
      "max": 0.843,
      "avg": 0.3456,
      "count": 614
    },
    "tension-phase": {
      "min": 0,
      "max": 0.536,
      "avg": 0.1955,
      "count": 614
    },
    "tension-trust": {
      "min": 0,
      "max": 0.954,
      "avg": 0.2211,
      "count": 614
    }
  },
  "couplingTail": {
    "density-entropy": {
      "p90": 0.334,
      "p95": 0.341,
      "exceedanceRate": {
        "0.50": 0.0195,
        "0.70": 0.0147,
        "0.85": 0.0049
      }
    },
    "density-flicker": {
      "p90": 0.848,
      "p95": 0.9481,
      "exceedanceRate": {
        "0.50": 0.2899,
        "0.70": 0.1775,
        "0.85": 0.0977
      }
    },
    "density-phase": {
      "p90": 0.44,
      "p95": 0.515,
      "exceedanceRate": {
        "0.50": 0.0945,
        "0.70": 0,
        "0.85": 0
      }
    },
    "density-tension": {
      "p90": 0.454,
      "p95": 0.477,
      "exceedanceRate": {
        "0.50": 0.0147,
        "0.70": 0.0098,
        "0.85": 0
      }
    },
    "density-trust": {
      "p90": 0.721,
      "p95": 0.721,
      "exceedanceRate": {
        "0.50": 0.2101,
        "0.70": 0.1124,
        "0.85": 0
      }
    },
    "entropy-phase": {
      "p90": 0.5566,
      "p95": 0.605,
      "exceedanceRate": {
        "0.50": 0.1059,
        "0.70": 0,
        "0.85": 0
      }
    },
    "entropy-trust": {
      "p90": 0.567,
      "p95": 0.567,
      "exceedanceRate": {
        "0.50": 0.1221,
        "0.70": 0,
        "0.85": 0
      }
    },
    "flicker-entropy": {
      "p90": 0.285,
      "p95": 0.423,
      "exceedanceRate": {
        "0.50": 0.0244,
        "0.70": 0.0195,
        "0.85": 0.0147
      }
    },
    "flicker-phase": {
      "p90": 0.416,
      "p95": 0.556,
      "exceedanceRate": {
        "0.50": 0.0879,
        "0.70": 0,
        "0.85": 0
      }
    },
    "flicker-trust": {
      "p90": 0.573,
      "p95": 0.573,
      "exceedanceRate": {
        "0.50": 0.145,
        "0.70": 0.0049,
        "0.85": 0.0049
      }
    },
    "tension-entropy": {
      "p90": 0.442,
      "p95": 0.451,
      "exceedanceRate": {
        "0.50": 0.0423,
        "0.70": 0.0098,
        "0.85": 0.0049
      }
    },
    "tension-flicker": {
      "p90": 0.469,
      "p95": 0.632,
      "exceedanceRate": {
        "0.50": 0.0651,
        "0.70": 0.0147,
        "0.85": 0
      }
    },
    "tension-phase": {
      "p90": 0.376,
      "p95": 0.429,
      "exceedanceRate": {
        "0.50": 0.0147,
        "0.70": 0,
        "0.85": 0
      }
    },
    "tension-trust": {
      "p90": 0.543,
      "p95": 0.543,
      "exceedanceRate": {
        "0.50": 0.127,
        "0.70": 0.0098,
        "0.85": 0.0098
      }
    }
  },
  "couplingHotspots": [
    {
      "pair": "density-flicker",
      "p95": 0.9481,
      "avg": 0.43
    },
    {
      "pair": "density-trust",
      "p95": 0.721,
      "avg": 0.3251
    }
  ],
  "couplingCorrelation": {
    "density-entropy": {
      "pearsonR": -0.08,
      "meanSigned": 0.1435,
      "direction": "stable"
    },
    "density-flicker": {
      "pearsonR": -0.8476,
      "meanSigned": 0.43,
      "direction": "decreasing"
    },
    "density-phase": {
      "pearsonR": -0.0886,
      "meanSigned": -0.1882,
      "direction": "stable"
    },
    "density-tension": {
      "pearsonR": 0.2753,
      "meanSigned": 0.323,
      "direction": "stable"
    },
    "density-trust": {
      "pearsonR": 0.9493,
      "meanSigned": -0.2182,
      "direction": "increasing"
    },
    "entropy-phase": {
      "pearsonR": -0.1945,
      "meanSigned": -0.244,
      "direction": "stable"
    },
    "entropy-trust": {
      "pearsonR": 0.8803,
      "meanSigned": 0.0419,
      "direction": "increasing"
    },
    "flicker-entropy": {
      "pearsonR": -0.6739,
      "meanSigned": -0.0223,
      "direction": "decreasing"
    },
    "flicker-phase": {
      "pearsonR": 0.5714,
      "meanSigned": 0.154,
      "direction": "increasing"
    },
    "flicker-trust": {
      "pearsonR": 0.7992,
      "meanSigned": -0.1975,
      "direction": "increasing"
    },
    "tension-entropy": {
      "pearsonR": -0.0476,
      "meanSigned": -0.1953,
      "direction": "stable"
    },
    "tension-flicker": {
      "pearsonR": -0.0754,
      "meanSigned": 0.3347,
      "direction": "stable"
    },
    "tension-phase": {
      "pearsonR": 0.1487,
      "meanSigned": -0.1723,
      "direction": "stable"
    },
    "tension-trust": {
      "pearsonR": 0.5947,
      "meanSigned": -0.0137,
      "direction": "increasing"
    }
  },
  "trustScoreAbs": {
    "cadenceAlignment": {
      "min": 0.2,
      "max": 0.5672651843274489,
      "avg": 0.2263,
      "count": 629
    },
    "coherenceMonitor": {
      "min": 0.0774225,
      "max": 0.74925,
      "avg": 0.7049,
      "count": 629
    },
    "convergence": {
      "min": 0.019980000000000005,
      "max": 0.23799673469351518,
      "avg": 0.1962,
      "count": 629
    },
    "entropyRegulator": {
      "min": 0.03293578124999998,
      "max": 0.74925,
      "avg": 0.3135,
      "count": 629
    },
    "feedbackOscillator": {
      "min": 0.011988,
      "max": 0.3654846873040645,
      "avg": 0.2446,
      "count": 629
    },
    "phaseLock": {
      "min": 0.014985,
      "max": 0.6014616278588933,
      "avg": 0.4738,
      "count": 629
    },
    "restSynchronizer": {
      "min": 0.09169049655784235,
      "max": 0.3513016839801557,
      "avg": 0.1986,
      "count": 629
    },
    "stutterContagion": {
      "min": 0.046359248656469565,
      "max": 0.74925,
      "avg": 0.4494,
      "count": 629
    }
  },