{
  "generatedAt": "2026-03-04T02:39:33.105Z",
  "beats": {
    "totalEntries": 218,
    "byLayer": {
      "L1": 68,
      "L2": 150,
      "other": 0
    },
    "firstBeatKey": "0:0:0:0",
    "lastBeatKey": "3:0:2:9",
    "firstTimeMs": 0,
    "lastTimeMs": 33111.11111111112,
    "spanMs": 33111.111
  },
  "regimes": {
    "initializing": 57,
    "evolving": 48,
    "exploring": 113
  },
  "regimeDepth": {
    "maxConsecutiveCoherent": 0,
    "transitionCount": 2
  },
  "conductor": {
    "playProb": {
      "min": 0.2638546105739572,
      "max": 0.6732653865060968,
      "avg": 0.4266,
      "count": 218
    },
    "stutterProb": {
      "min": 0.22612671874999998,
      "max": 1,
      "avg": 0.5735,
      "count": 218
    },
    "density": {
      "min": 0.35923075627289314,
      "max": 0.820975037428789,
      "avg": 0.5307,
      "count": 218
    },
    "tension": {
      "min": 0.0654208642328429,
      "max": 0.7739180539572145,
      "avg": 0.5382,
      "count": 218
    },
    "flicker": {
      "min": 1.0074330866489403,
      "max": 1.1816304789091927,
      "avg": 1.1017,
      "count": 218
    }
  },
  "couplingAbs": {
    "density-entropy": {
      "min": 0.021,
      "max": 0.792,
      "avg": 0.1076,
      "count": 161
    },
    "density-flicker": {
      "min": 0.092,
      "max": 0.8,
      "avg": 0.3339,
      "count": 161
    },
    "density-phase": {
      "min": 0.363,
      "max": 0.819,
      "avg": 0.5259,
      "count": 161
    },
    "density-tension": {
      "min": 0.027,
      "max": 0.624,
      "avg": 0.3307,
      "count": 161
    },
    "density-trust": {
      "min": 0.185,
      "max": 0.541,
      "avg": 0.393,
      "count": 161
    },
    "entropy-phase": {
      "min": 0.018,
      "max": 0.555,
      "avg": 0.2376,
      "count": 161
    },
    "entropy-trust": {
      "min": 0.025,
      "max": 0.348,
      "avg": 0.1341,
      "count": 161
    },
    "flicker-entropy": {
      "min": 0.244,
      "max": 0.806,
      "avg": 0.3475,
      "count": 161
    },
    "flicker-phase": {
      "min": 0.105,
      "max": 0.501,
      "avg": 0.3486,
      "count": 161
    },
    "flicker-trust": {
      "min": 0.113,
      "max": 0.492,
      "avg": 0.327,
      "count": 161
    },
    "tension-entropy": {
      "min": 0.001,
      "max": 0.48,
      "avg": 0.1556,
      "count": 161
    },
    "tension-flicker": {
      "min": 0.008,
      "max": 0.342,
      "avg": 0.2232,
      "count": 161
    },
    "tension-phase": {
      "min": 0.277,
      "max": 0.757,
      "avg": 0.4074,
      "count": 161
    },
    "tension-trust": {
      "min": 0.004,
      "max": 0.537,
      "avg": 0.1657,
      "count": 161
    }
  },
  "couplingTail": {
    "density-entropy": {
      "p90": 0.211,
      "p95": 0.245,
      "exceedanceRate": {
        "0.50": 0.0062,
        "0.70": 0.0062,
        "0.85": 0
      }
    },
    "density-flicker": {
      "p90": 0.68,
      "p95": 0.698,
      "exceedanceRate": {
        "0.50": 0.2981,
        "0.70": 0.0311,
        "0.85": 0
      }
    },
    "density-phase": {
      "p90": 0.764,
      "p95": 0.796,
      "exceedanceRate": {
        "0.50": 0.3416,
        "0.70": 0.2981,
        "0.85": 0
      }
    },
    "density-tension": {
      "p90": 0.59,
      "p95": 0.597,
      "exceedanceRate": {
        "0.50": 0.2919,
        "0.70": 0,
        "0.85": 0
      }
    },
    "density-trust": {
      "p90": 0.532,
      "p95": 0.536,
      "exceedanceRate": {
        "0.50": 0.3416,
        "0.70": 0,
        "0.85": 0
      }
    },
    "entropy-phase": {
      "p90": 0.406,
      "p95": 0.406,
      "exceedanceRate": {
        "0.50": 0.0062,
        "0.70": 0,
        "0.85": 0
      }
    },
    "entropy-trust": {
      "p90": 0.23,
      "p95": 0.23,
      "exceedanceRate": {
        "0.50": 0,
        "0.70": 0,
        "0.85": 0
      }
    },
    "flicker-entropy": {
      "p90": 0.446,
      "p95": 0.446,
      "exceedanceRate": {
        "0.50": 0.0062,
        "0.70": 0.0062,
        "0.85": 0
      }
    },
    "flicker-phase": {
      "p90": 0.501,
      "p95": 0.501,
      "exceedanceRate": {
        "0.50": 0.1801,
        "0.70": 0,
        "0.85": 0
      }
    },
    "flicker-trust": {
      "p90": 0.492,
      "p95": 0.492,
      "exceedanceRate": {
        "0.50": 0,
        "0.70": 0,
        "0.85": 0
      }
    },
    "tension-entropy": {
      "p90": 0.446,
      "p95": 0.446,
      "exceedanceRate": {
        "0.50": 0,
        "0.70": 0,
        "0.85": 0
      }
    },
    "tension-flicker": {
      "p90": 0.279,
      "p95": 0.284,
      "exceedanceRate": {
        "0.50": 0,
        "0.70": 0,
        "0.85": 0
      }
    },
    "tension-phase": {
      "p90": 0.623,
      "p95": 0.674,
      "exceedanceRate": {
        "0.50": 0.1118,
        "0.70": 0.0373,
        "0.85": 0
      }
    },
    "tension-trust": {
      "p90": 0.37,
      "p95": 0.505,
      "exceedanceRate": {
        "0.50": 0.0683,
        "0.70": 0,
        "0.85": 0
      }
    }
  },
  "couplingHotspots": [
    {
      "pair": "density-phase",
      "p95": 0.796,
      "avg": 0.5259
    }
  ],
  "couplingCorrelation": {
    "density-entropy": {
      "pearsonR": -0.4998,
      "meanSigned": 0.0913,
      "direction": "decreasing"
    },
    "density-flicker": {
      "pearsonR": -0.7158,
      "meanSigned": 0.3339,
      "direction": "decreasing"
    },
    "density-phase": {
      "pearsonR": 0.6986,
      "meanSigned": -0.5259,
      "direction": "increasing"
    },
    "density-tension": {
      "pearsonR": -0.322,
      "meanSigned": 0.3116,
      "direction": "decreasing"
    },
    "density-trust": {
      "pearsonR": 0.3023,
      "meanSigned": -0.393,
      "direction": "increasing"
    },
    "entropy-phase": {
      "pearsonR": 0.0498,
      "meanSigned": -0.2062,
      "direction": "stable"
    },
    "entropy-trust": {
      "pearsonR": 0.4814,
      "meanSigned": -0.1341,
      "direction": "increasing"
    },
    "flicker-entropy": {
      "pearsonR": -0.2012,
      "meanSigned": 0.3475,
      "direction": "stable"
    },
    "flicker-phase": {
      "pearsonR": 0.7202,
      "meanSigned": -0.3486,
      "direction": "increasing"
    },
    "flicker-trust": {
      "pearsonR": 0.8034,
      "meanSigned": -0.327,
      "direction": "increasing"
    },
    "tension-entropy": {
      "pearsonR": 0.8067,
      "meanSigned": -0.1493,
      "direction": "increasing"
    },
    "tension-flicker": {
      "pearsonR": 0.1761,
      "meanSigned": 0.2226,
      "direction": "stable"
    },
    "tension-phase": {
      "pearsonR": 0.7543,
      "meanSigned": -0.4074,
      "direction": "increasing"
    },
    "tension-trust": {
      "pearsonR": -0.8039,
      "meanSigned": -0.1601,
      "direction": "decreasing"
    }
  },
  "trustScoreAbs": {
    "cadenceAlignment": {
      "min": 0.13147182968825216,
      "max": 0.27134711435608955,
      "avg": 0.2164,
      "count": 218
    },
    "coherenceMonitor": {
      "min": 0.0774225,
      "max": 0.74925,
      "avg": 0.6978,
      "count": 218
    },
    "convergence": {
      "min": 0.05,
      "max": 0.3012798068384695,
      "avg": 0.2193,
      "count": 218
    },
    "entropyRegulator": {
      "min": 0.05,
      "max": 0.74925,
      "avg": 0.4182,
      "count": 218
    },
    "feedbackOscillator": {
      "min": 0.05,
      "max": 0.34929574480626335,
      "avg": 0.2469,
      "count": 218
    },
    "phaseLock": {
      "min": 0.05,
      "max": 0.5651090652459578,
      "avg": 0.394,
      "count": 218
    },
    "restSynchronizer": {
      "min": 0.16863528305059466,
      "max": 0.3537387947923572,
      "avg": 0.2448,
      "count": 218
    },
    "stutterContagion": {
      "min": 0.05,
      "max": 0.74925,
      "avg": 0.4086,
      "count": 218
    }
  },
  "trustWeightAbs": {
    "cadenceAlignment": {
      "min": 1.15,
      "max": 1.2035103357670671,
      "avg": 1.166,
      "count": 218
    },