{
  "generatedAt": "2026-03-03T21:20:32.139Z",
  "beats": {
    "totalEntries": 611,
    "byLayer": {
      "L1": 269,
      "L2": 342,
      "other": 0
    },
    "firstBeatKey": "0:0:0:0",
    "lastBeatKey": "4:1:1:19",
    "firstTimeMs": 0,
    "lastTimeMs": 76061.50793650794,
    "spanMs": 76061.508
  },
  "regimes": {
    "initializing": 61,
    "evolving": 17,
    "coherent": 426,
    "exploring": 107
  },
  "regimeDepth": {
    "maxConsecutiveCoherent": 426,
    "transitionCount": 3
  },
  "conductor": {
    "playProb": {
      "min": 0.1925724343110835,
      "max": 0.5796797775225125,
      "avg": 0.4116,
      "count": 611
    },
    "stutterProb": {
      "min": 0.18284978183177883,
      "max": 1,
      "avg": 0.5337,
      "count": 611
    },
    "density": {
      "min": 0.35025490021558264,
      "max": 0.7368356183881342,
      "avg": 0.5431,
      "count": 611
    },
    "tension": {
      "min": 0.06396197362647224,
      "max": 0.8101160261518916,
      "avg": 0.528,
      "count": 611
    },
    "flicker": {
      "min": 0.9051243140741095,
      "max": 1.2094380584520648,
      "avg": 1.0124,
      "count": 611
    }
  },
  "couplingAbs": {
    "density-entropy": {
      "min": 0.024,
      "max": 0.943,
      "avg": 0.1492,
      "count": 550
    },
    "density-flicker": {
      "min": 0.029,
      "max": 0.948,
      "avg": 0.3,
      "count": 550
    },
    "density-phase": {
      "min": 0.014,
      "max": 0.783,
      "avg": 0.4334,
      "count": 550
    },
    "density-tension": {
      "min": 0.249,
      "max": 0.799,
      "avg": 0.4359,
      "count": 550
    },
    "density-trust": {
      "min": 0.015,
      "max": 0.72,
      "avg": 0.3044,
      "count": 550
    },
    "entropy-phase": {
      "min": 0.014,
      "max": 0.436,
      "avg": 0.2006,
      "count": 550
    },
    "entropy-trust": {
      "min": 0.015,
      "max": 0.445,
      "avg": 0.2125,
      "count": 550
    },
    "flicker-entropy": {
      "min": 0.212,
      "max": 0.889,
      "avg": 0.4678,
      "count": 550
    },
    "flicker-phase": {
      "min": 0.008,
      "max": 0.811,
      "avg": 0.4272,
      "count": 550
    },
    "flicker-trust": {
      "min": 0.011,
      "max": 0.869,
      "avg": 0.2963,
      "count": 550
    },
    "tension-entropy": {
      "min": 0.019,
      "max": 0.819,
      "avg": 0.3034,
      "count": 550
    },
    "tension-flicker": {
      "min": 0.004,
      "max": 0.919,
      "avg": 0.2186,
      "count": 550
    },
    "tension-phase": {
      "min": 0.034,
      "max": 0.59,
      "avg": 0.3318,
      "count": 550
    },
    "tension-trust": {
      "min": 0.018,
      "max": 0.92,
      "avg": 0.1243,
      "count": 550
    }
  },
  "couplingTail": {
    "density-entropy": {
      "p90": 0.188,
      "p95": 0.2063,
      "exceedanceRate": {
        "0.50": 0.0418,
        "0.70": 0.0418,
        "0.85": 0.0109
      }
    },
    "density-flicker": {
      "p90": 0.691,
      "p95": 0.809,
      "exceedanceRate": {
        "0.50": 0.2073,
        "0.70": 0.0855,
        "0.85": 0.0309
      }
    },
    "density-phase": {
      "p90": 0.732,
      "p95": 0.732,
      "exceedanceRate": {
        "0.50": 0.4036,
        "0.70": 0.1873,
        "0.85": 0
      }
    },
    "density-tension": {
      "p90": 0.537,
      "p95": 0.639,
      "exceedanceRate": {
        "0.50": 0.2273,
        "0.70": 0.0218,
        "0.85": 0
      }
    },
    "density-trust": {
      "p90": 0.587,
      "p95": 0.611,
      "exceedanceRate": {
        "0.50": 0.2073,
        "0.70": 0.0091,
        "0.85": 0
      }
    },
    "entropy-phase": {
      "p90": 0.425,
      "p95": 0.425,
      "exceedanceRate": {
        "0.50": 0,
        "0.70": 0,
        "0.85": 0
      }
    },
    "entropy-trust": {
      "p90": 0.43,
      "p95": 0.43,
      "exceedanceRate": {
        "0.50": 0,
        "0.70": 0,
        "0.85": 0
      }
    },
    "flicker-entropy": {
      "p90": 0.643,
      "p95": 0.643,
      "exceedanceRate": {
        "0.50": 0.3964,
        "0.70": 0.0109,
        "0.85": 0.0109
      }
    },
    "flicker-phase": {
      "p90": 0.809,
      "p95": 0.809,
      "exceedanceRate": {
        "0.50": 0.4091,
        "0.70": 0.3782,
        "0.85": 0
      }
    },
    "flicker-trust": {
      "p90": 0.41,
      "p95": 0.41,
      "exceedanceRate": {
        "0.50": 0.0091,
        "0.70": 0.0091,
        "0.85": 0.0091
      }
    },
    "tension-entropy": {
      "p90": 0.503,
      "p95": 0.503,
      "exceedanceRate": {
        "0.50": 0.1073,
        "0.70": 0.0327,
        "0.85": 0
      }
    },
    "tension-flicker": {
      "p90": 0.386,
      "p95": 0.45,
      "exceedanceRate": {
        "0.50": 0.0309,
        "0.70": 0.0109,
        "0.85": 0.0109
      }
    },
    "tension-phase": {
      "p90": 0.493,
      "p95": 0.5141,
      "exceedanceRate": {
        "0.50": 0.0618,
        "0.70": 0,
        "0.85": 0
      }
    },
    "tension-trust": {
      "p90": 0.178,
      "p95": 0.201,
      "exceedanceRate": {
        "0.50": 0.0091,
        "0.70": 0.0091,
        "0.85": 0.0091
      }
    }
  },
  "couplingHotspots": [
    {
      "pair": "density-flicker",
      "p95": 0.809,
      "avg": 0.3
    },
    {
      "pair": "density-phase",
      "p95": 0.732,
      "avg": 0.4334
    },
    {
      "pair": "flicker-phase",
      "p95": 0.809,
      "avg": 0.4272
    }
  ],
  "couplingCorrelation": {
    "density-entropy": {
      "pearsonR": -0.0052,
      "meanSigned": -0.0761,
      "direction": "stable"
    },
    "density-flicker": {
      "pearsonR": -0.8457,
      "meanSigned": 0.1381,
      "direction": "decreasing"
    },
    "density-phase": {
      "pearsonR": 0.8172,
      "meanSigned": -0.4154,
      "direction": "increasing"
    },
    "density-tension": {
      "pearsonR": -0.2516,
      "meanSigned": 0.4264,
      "direction": "stable"
    },
    "density-trust": {
      "pearsonR": 0.6892,
      "meanSigned": -0.1446,
      "direction": "increasing"
    },
    "entropy-phase": {
      "pearsonR": 0.4209,
      "meanSigned": -0.1672,
      "direction": "increasing"
    },
    "entropy-trust": {
      "pearsonR": 0.3793,
      "meanSigned": -0.0335,
      "direction": "increasing"
    },
    "flicker-entropy": {
      "pearsonR": -0.1056,
      "meanSigned": 0.4236,
      "direction": "stable"
    },
    "flicker-phase": {
      "pearsonR": 0.8468,
      "meanSigned": -0.3002,
      "direction": "increasing"
    },
    "flicker-trust": {
      "pearsonR": 0.8068,
      "meanSigned": -0.1242,
      "direction": "increasing"
    },
    "tension-entropy": {
      "pearsonR": -0.6256,
      "meanSigned": -0.2511,
      "direction": "decreasing"
    },
    "tension-flicker": {
      "pearsonR": -0.5818,
      "meanSigned": 0.1635,
      "direction": "decreasing"
    },
    "tension-phase": {
      "pearsonR": 0.6683,
      "meanSigned": -0.2841,
      "direction": "increasing"
    },
    "tension-trust": {
      "pearsonR": 0.3346,
      "meanSigned": -0.0265,
      "direction": "increasing"
    }
  },
  "trustScoreAbs": {
    "cadenceAlignment": {
      "min": 0.1316830483144135,
      "max": 0.4332407758196132,
      "avg": 0.2175,
      "count": 611
    },
    "coherenceMonitor": {
      "min": 0.0774225,
      "max": 0.74925,
      "avg": 0.7088,
      "count": 611
    },
    "convergence": {
      "min": 0.05,
      "max": 0.3072907504559425,
      "avg": 0.2176,
      "count": 611
    },
    "entropyRegulator": {
      "min": 0.05,
      "max": 0.74925,
      "avg": 0.328,
      "count": 611
    },
    "feedbackOscillator": {
      "min": 0.05,
      "max": 0.374742452517703,
      "avg": 0.249,
      "count": 611
    },
    "phaseLock": {
      "min": 0.05,
      "max": 0.6002697658577589,
      "avg": 0.4518,
      "count": 611
    },
    "restSynchronizer": {
      "min": 0.16251701936329932,
      "max": 0.37555953415440785,
      "avg": 0.2387,
      "count": 611
    },