{
  "generatedAt": "2026-03-05T01:00:51.259Z",
  "beats": {
    "totalEntries": 486,
    "byLayer": {
      "L1": 186,
      "L2": 300,
      "other": 0
    },
    "firstBeatKey": "0:0:0:0",
    "lastBeatKey": "4:2:1:4",
    "firstTimeMs": 0,
    "lastTimeMs": 61214.285714285725,
    "spanMs": 61214.286
  },
  "regimes": {
    "initializing": 35,
    "evolving": 230,
    "exploring": 112,
    "coherent": 109
  },
  "regimeDepth": {
    "maxConsecutiveCoherent": 109,
    "transitionCount": 3
  },
  "conductor": {
    "playProb": {
      "min": 0.21107672118961832,
      "max": 0.6466156924780774,
      "avg": 0.4303,
      "count": 486
    },
    "stutterProb": {
      "min": 0.23561877224868483,
      "max": 1,
      "avg": 0.5465,
      "count": 486
    },
    "density": {
      "min": 0.37410337620841055,
      "max": 0.8874639980306561,
      "avg": 0.6214,
      "count": 486
    },
    "tension": {
      "min": 0.14669027050897349,
      "max": 0.9883644184924547,
      "avg": 0.5545,
      "count": 486
    },
    "flicker": {
      "min": 0.9533339196852525,
      "max": 1.1699498822433279,
      "avg": 1.095,
      "count": 486
    }
  },
  "couplingAbs": {
    "density-entropy": {
      "min": 0.005,
      "max": 0.621,
      "avg": 0.2741,
      "count": 451
    },
    "density-flicker": {
      "min": 0.018,
      "max": 0.887,
      "avg": 0.4209,
      "count": 451
    },
    "density-phase": {
      "min": 0,
      "max": 0.839,
      "avg": 0.2678,
      "count": 451
    },
    "density-tension": {
      "min": 0.001,
      "max": 0.872,
      "avg": 0.2588,
      "count": 451
    },
    "density-trust": {
      "min": 0.057,
      "max": 0.766,
      "avg": 0.518,
      "count": 451
    },
    "entropy-phase": {
      "min": 0,
      "max": 0.781,
      "avg": 0.2955,
      "count": 451
    },
    "entropy-trust": {
      "min": 0.005,
      "max": 0.272,
      "avg": 0.1606,
      "count": 451
    },
    "flicker-entropy": {
      "min": 0,
      "max": 0.776,
      "avg": 0.1439,
      "count": 451
    },
    "flicker-phase": {
      "min": 0,
      "max": 0.689,
      "avg": 0.2355,
      "count": 451
    },
    "flicker-trust": {
      "min": 0.015,
      "max": 0.611,
      "avg": 0.3884,
      "count": 451
    },
    "tension-entropy": {
      "min": 0.155,
      "max": 0.752,
      "avg": 0.4273,
      "count": 451
    },
    "tension-flicker": {
      "min": 0.062,
      "max": 0.825,
      "avg": 0.2791,
      "count": 451
    },
    "tension-phase": {
      "min": 0,
      "max": 0.485,
      "avg": 0.1167,
      "count": 451
    },
    "tension-trust": {
      "min": 0.008,
      "max": 0.486,
      "avg": 0.1803,
      "count": 451
    }
  },
  "couplingTail": {
    "density-entropy": {
      "p90": 0.61,
      "p95": 0.621,
      "exceedanceRate": {
        "0.50": 0.1641,
        "0.70": 0,
        "0.85": 0
      }
    },
    "density-flicker": {
      "p90": 0.84,
      "p95": 0.84,
      "exceedanceRate": {
        "0.50": 0.3769,
        "0.70": 0.1397,
        "0.85": 0.0067
      }
    },
    "density-phase": {
      "p90": 0.782,
      "p95": 0.823,
      "exceedanceRate": {
        "0.50": 0.2173,
        "0.70": 0.1353,
        "0.85": 0
      }
    },
    "density-tension": {
      "p90": 0.871,
      "p95": 0.872,
      "exceedanceRate": {
        "0.50": 0.1064,
        "0.70": 0.1064,
        "0.85": 0.1064
      }
    },
    "density-trust": {
      "p90": 0.76,
      "p95": 0.766,
      "exceedanceRate": {
        "0.50": 0.663,
        "0.70": 0.2262,
        "0.85": 0
      }
    },
    "entropy-phase": {
      "p90": 0.452,
      "p95": 0.632,
      "exceedanceRate": {
        "0.50": 0.0687,
        "0.70": 0.0421,
        "0.85": 0
      }
    },
    "entropy-trust": {
      "p90": 0.245,
      "p95": 0.245,
      "exceedanceRate": {
        "0.50": 0,
        "0.70": 0,
        "0.85": 0
      }
    },
    "flicker-entropy": {
      "p90": 0.774,
      "p95": 0.776,
      "exceedanceRate": {
        "0.50": 0.1064,
        "0.70": 0.1064,
        "0.85": 0
      }
    },
    "flicker-phase": {
      "p90": 0.509,
      "p95": 0.53,
      "exceedanceRate": {
        "0.50": 0.1064,
        "0.70": 0,
        "0.85": 0
      }
    },
    "flicker-trust": {
      "p90": 0.601,
      "p95": 0.601,
      "exceedanceRate": {
        "0.50": 0.4169,
        "0.70": 0,
        "0.85": 0
      }
    },
    "tension-entropy": {
      "p90": 0.736,
      "p95": 0.752,
      "exceedanceRate": {
        "0.50": 0.2173,
        "0.70": 0.1064,
        "0.85": 0
      }
    },
    "tension-flicker": {
      "p90": 0.818,
      "p95": 0.818,
      "exceedanceRate": {
        "0.50": 0.1064,
        "0.70": 0.1064,
        "0.85": 0
      }
    },
    "tension-phase": {
      "p90": 0.281,
      "p95": 0.412,
      "exceedanceRate": {
        "0.50": 0,
        "0.70": 0,
        "0.85": 0
      }
    },
    "tension-trust": {
      "p90": 0.454,
      "p95": 0.486,
      "exceedanceRate": {
        "0.50": 0,
        "0.70": 0,
        "0.85": 0
      }
    }
  },
  "couplingHotspots": [
    {
      "pair": "density-flicker",
      "p95": 0.84,
      "avg": 0.4209
    },
    {
      "pair": "density-phase",
      "p95": 0.823,
      "avg": 0.2678
    },
    {
      "pair": "density-tension",
      "p95": 0.872,
      "avg": 0.2588
    },
    {
      "pair": "density-trust",
      "p95": 0.766,
      "avg": 0.518
    },
    {
      "pair": "flicker-entropy",
      "p95": 0.776,
      "avg": 0.1439
    },
    {
      "pair": "tension-entropy",
      "p95": 0.752,
      "avg": 0.4273
    },
    {
      "pair": "tension-flicker",
      "p95": 0.818,
      "avg": 0.2791
    }
  ],
  "couplingCorrelation": {
    "density-entropy": {
      "pearsonR": -0.3698,
      "meanSigned": -0.0967,
      "direction": "decreasing"
    },
    "density-flicker": {
      "pearsonR": -0.9256,
      "meanSigned": 0.3558,
      "direction": "decreasing"
    },
    "density-phase": {
      "pearsonR": -0.1764,
      "meanSigned": -0.1949,
      "direction": "stable"
    },
    "density-tension": {
      "pearsonR": -0.1232,
      "meanSigned": 0.2583,
      "direction": "stable"
    },
    "density-trust": {
      "pearsonR": 0.7855,
      "meanSigned": -0.4684,
      "direction": "increasing"
    },
    "entropy-phase": {
      "pearsonR": -0.7459,
      "meanSigned": -0.163,
      "direction": "decreasing"
    },
    "entropy-trust": {
      "pearsonR": -0.2162,
      "meanSigned": 0.1238,
      "direction": "stable"
    },
    "flicker-entropy": {
      "pearsonR": -0.4773,
      "meanSigned": 0.0592,
      "direction": "decreasing"
    },
    "flicker-phase": {
      "pearsonR": -0.4477,
      "meanSigned": -0.0516,
      "direction": "decreasing"
    },
    "flicker-trust": {
      "pearsonR": 0.9177,
      "meanSigned": -0.3884,
      "direction": "increasing"
    },
    "tension-entropy": {
      "pearsonR": -0.4306,
      "meanSigned": -0.2649,
      "direction": "decreasing"
    },
    "tension-flicker": {
      "pearsonR": -0.4613,
      "meanSigned": 0.2791,
      "direction": "decreasing"
    },
    "tension-phase": {
      "pearsonR": -0.0927,
      "meanSigned": -0.1145,
      "direction": "stable"
    },
    "tension-trust": {
      "pearsonR": 0.816,
      "meanSigned": -0.1692,
      "direction": "increasing"
    }
  },
  "trustScoreAbs": {
    "cadenceAlignment": {
      "min": 0.13868318130843454,
      "max": 0.74925,
      "avg": 0.2569,
      "count": 486
    },
    "coherenceMonitor": {
      "min": 0.0774225,
      "max": 0.74925,
      "avg": 0.7094,
      "count": 486
    },
    "convergence": {
      "min": 0.053090229134560886,
      "max": 0.28959397262348924,
      "avg": 0.2324,
      "count": 486
    },
    "entropyRegulator": {
      "min": 0.053090229134560886,
      "max": 0.74925,
      "avg": 0.3746,
      "count": 486
    },
    "feedbackOscillator": {
      "min": 0.053090229134560886,