{
  "generatedAt": "2026-03-04T23:38:04.069Z",
  "beats": {
    "totalEntries": 676,
    "byLayer": {
      "L1": 265,
      "L2": 411,
      "other": 0
    },
    "firstBeatKey": "0:0:0:0",
    "lastBeatKey": "3:3:4:7",
    "firstTimeMs": 0,
    "lastTimeMs": 95814.8148148148,
    "spanMs": 95814.815
  },
  "regimes": {
    "initializing": 45,
    "evolving": 295,
    "exploring": 217,
    "coherent": 119
  },
  "regimeDepth": {
    "maxConsecutiveCoherent": 119,
    "transitionCount": 4
  },
  "conductor": {
    "playProb": {
      "min": 0.2607940436433971,
      "max": 0.6235207616647257,
      "avg": 0.4255,
      "count": 676
    },
    "stutterProb": {
      "min": 0.22612671874999998,
      "max": 1,
      "avg": 0.5338,
      "count": 676
    },
    "density": {
      "min": 0.34245123473202793,
      "max": 0.7451151503838309,
      "avg": 0.5333,
      "count": 676
    },
    "tension": {
      "min": 0.06183990845699437,
      "max": 0.694544427500355,
      "avg": 0.4857,
      "count": 676
    },
    "flicker": {
      "min": 0.8905303416596482,
      "max": 1.196487378505732,
      "avg": 1.0377,
      "count": 676
    }
  },
  "couplingAbs": {
    "density-entropy": {
      "min": 0.004,
      "max": 0.782,
      "avg": 0.2539,
      "count": 631
    },
    "density-flicker": {
      "min": 0.048,
      "max": 0.973,
      "avg": 0.4145,
      "count": 631
    },
    "density-phase": {
      "min": 0,
      "max": 0.588,
      "avg": 0.2468,
      "count": 631
    },
    "density-tension": {
      "min": 0.004,
      "max": 0.703,
      "avg": 0.2443,
      "count": 631
    },
    "density-trust": {
      "min": 0.057,
      "max": 0.891,
      "avg": 0.316,
      "count": 631
    },
    "entropy-phase": {
      "min": 0,
      "max": 0.819,
      "avg": 0.2784,
      "count": 631
    },
    "entropy-trust": {
      "min": 0.005,
      "max": 0.737,
      "avg": 0.3373,
      "count": 631
    },
    "flicker-entropy": {
      "min": 0.03,
      "max": 0.707,
      "avg": 0.4004,
      "count": 631
    },
    "flicker-phase": {
      "min": 0,
      "max": 0.652,
      "avg": 0.2227,
      "count": 631
    },
    "flicker-trust": {
      "min": 0.011,
      "max": 0.961,
      "avg": 0.4228,
      "count": 631
    },
    "tension-entropy": {
      "min": 0.002,
      "max": 0.664,
      "avg": 0.2396,
      "count": 631
    },
    "tension-flicker": {
      "min": 0.031,
      "max": 0.649,
      "avg": 0.2992,
      "count": 631
    },
    "tension-phase": {
      "min": 0,
      "max": 0.745,
      "avg": 0.3022,
      "count": 631
    },
    "tension-trust": {
      "min": 0.001,
      "max": 0.736,
      "avg": 0.2117,
      "count": 631
    }
  },
  "couplingTail": {
    "density-entropy": {
      "p90": 0.782,
      "p95": 0.782,
      "exceedanceRate": {
        "0.50": 0.1537,
        "0.70": 0.1109,
        "0.85": 0
      }
    },
    "density-flicker": {
      "p90": 0.973,
      "p95": 0.973,
      "exceedanceRate": {
        "0.50": 0.2662,
        "0.70": 0.2393,
        "0.85": 0.1109
      }
    },
    "density-phase": {
      "p90": 0.46,
      "p95": 0.46,
      "exceedanceRate": {
        "0.50": 0.019,
        "0.70": 0,
        "0.85": 0
      }
    },
    "density-tension": {
      "p90": 0.49,
      "p95": 0.49,
      "exceedanceRate": {
        "0.50": 0.0491,
        "0.70": 0.0048,
        "0.85": 0
      }
    },
    "density-trust": {
      "p90": 0.891,
      "p95": 0.891,
      "exceedanceRate": {
        "0.50": 0.1537,
        "0.70": 0.141,
        "0.85": 0.1109
      }
    },
    "entropy-phase": {
      "p90": 0.758,
      "p95": 0.758,
      "exceedanceRate": {
        "0.50": 0.2314,
        "0.70": 0.1395,
        "0.85": 0
      }
    },
    "entropy-trust": {
      "p90": 0.651,
      "p95": 0.692,
      "exceedanceRate": {
        "0.50": 0.3376,
        "0.70": 0.038,
        "0.85": 0
      }
    },
    "flicker-entropy": {
      "p90": 0.652,
      "p95": 0.652,
      "exceedanceRate": {
        "0.50": 0.3185,
        "0.70": 0.0063,
        "0.85": 0
      }
    },
    "flicker-phase": {
      "p90": 0.543,
      "p95": 0.64,
      "exceedanceRate": {
        "0.50": 0.13,
        "0.70": 0,
        "0.85": 0
      }
    },
    "flicker-trust": {
      "p90": 0.961,
      "p95": 0.961,
      "exceedanceRate": {
        "0.50": 0.4105,
        "0.70": 0.1109,
        "0.85": 0.1109
      }
    },
    "tension-entropy": {
      "p90": 0.639,
      "p95": 0.639,
      "exceedanceRate": {
        "0.50": 0.1775,
        "0.70": 0,
        "0.85": 0
      }
    },
    "tension-flicker": {
      "p90": 0.649,
      "p95": 0.649,
      "exceedanceRate": {
        "0.50": 0.1157,
        "0.70": 0,
        "0.85": 0
      }
    },
    "tension-phase": {
      "p90": 0.56,
      "p95": 0.734,
      "exceedanceRate": {
        "0.50": 0.3217,
        "0.70": 0.084,
        "0.85": 0
      }
    },
    "tension-trust": {
      "p90": 0.736,
      "p95": 0.736,
      "exceedanceRate": {
        "0.50": 0.1109,
        "0.70": 0.1109,
        "0.85": 0
      }
    }
  },
  "couplingHotspots": [
    {
      "pair": "density-entropy",
      "p95": 0.782,
      "avg": 0.2539
    },
    {
      "pair": "density-flicker",
      "p95": 0.973,
      "avg": 0.4145
    },
    {
      "pair": "density-trust",
      "p95": 0.891,
      "avg": 0.316
    },
    {
      "pair": "entropy-phase",
      "p95": 0.758,
      "avg": 0.2784
    },
    {
      "pair": "flicker-trust",
      "p95": 0.961,
      "avg": 0.4228
    },
    {
      "pair": "tension-phase",
      "p95": 0.734,
      "avg": 0.3022
    },
    {
      "pair": "tension-trust",
      "p95": 0.736,
      "avg": 0.2117
    }
  ],
  "couplingCorrelation": {
    "density-entropy": {
      "pearsonR": -0.0175,
      "meanSigned": 0.0137,
      "direction": "stable"
    },
    "density-flicker": {
      "pearsonR": -0.8637,
      "meanSigned": 0.4051,
      "direction": "decreasing"
    },
    "density-phase": {
      "pearsonR": -0.3824,
      "meanSigned": -0.246,
      "direction": "decreasing"
    },
    "density-tension": {
      "pearsonR": -0.1582,
      "meanSigned": 0.0688,
      "direction": "stable"
    },
    "density-trust": {
      "pearsonR": 0.5528,
      "meanSigned": -0.269,
      "direction": "increasing"
    },
    "entropy-phase": {
      "pearsonR": 0.7578,
      "meanSigned": 0.2161,
      "direction": "increasing"
    },
    "entropy-trust": {
      "pearsonR": 0.3968,
      "meanSigned": 0.1113,
      "direction": "increasing"
    },
    "flicker-entropy": {
      "pearsonR": 0.4374,
      "meanSigned": 0.25,
      "direction": "increasing"
    },
    "flicker-phase": {
      "pearsonR": -0.3002,
      "meanSigned": 0.0481,
      "direction": "decreasing"
    },
    "flicker-trust": {
      "pearsonR": 0.6983,
      "meanSigned": -0.3682,
      "direction": "increasing"
    },
    "tension-entropy": {
      "pearsonR": 0.0284,
      "meanSigned": -0.2305,
      "direction": "stable"
    },
    "tension-flicker": {
      "pearsonR": 0.1903,
      "meanSigned": -0.0812,
      "direction": "stable"
    },
    "tension-phase": {
      "pearsonR": 0.1685,
      "meanSigned": -0.1527,
      "direction": "stable"
    },
    "tension-trust": {
      "pearsonR": -0.4802,
      "meanSigned": 0.1023,
      "direction": "decreasing"
    }
  },
  "trustScoreAbs": {
    "cadenceAlignment": {
      "min": 0.13025735877133926,
      "max": 0.28709599717992296,
      "avg": 0.221,
      "count": 676
    },
    "coherenceMonitor": {
      "min": 0.0774225,
      "max": 0.74925,
      "avg": 0.6866,
      "count": 676
    },
    "convergence": {
      "min": 0.05,
      "max": 0.3094438346852593,
      "avg": 0.2253,
      "count": 676
    },
    "entropyRegulator": {
      "min": 0.05,
      "max": 0.74925,
      "avg": 0.4768,
      "count": 676
    },
    "feedbackOscillator": {
      "min": 0.05,
      "max": 0.35719145007305897,