{
  "generatedAt": "2026-03-03T13:44:49.994Z",
  "beats": {
    "totalEntries": 496,
    "byLayer": {
      "L1": 233,
      "L2": 263,
      "other": 0
    },
    "firstBeatKey": "0:0:0:0",
    "lastBeatKey": "3:2:2:4",
    "firstTimeMs": 0,
    "lastTimeMs": 79190.47619047618,
    "spanMs": 79190.476
  },
  "regimes": {
    "initializing": 20,
    "evolving": 24,
    "coherent": 275,
    "exploring": 177
  },
  "conductor": {
    "playProb": {
      "min": 0.25349767982035254,
      "max": 0.6400964266391428,
      "avg": 0.4423,
      "count": 496
    },
    "stutterProb": {
      "min": 0.2230866503639542,
      "max": 1,
      "avg": 0.579,
      "count": 496
    },
    "density": {
      "min": 0.3367002827101967,
      "max": 0.6957771190449206,
      "avg": 0.5043,
      "count": 496
    },
    "tension": {
      "min": 0.0654208642328429,
      "max": 0.7291034394585374,
      "avg": 0.5177,
      "count": 496
    },
    "flicker": {
      "min": 0.8619377629503749,
      "max": 1.1874353770063886,
      "avg": 0.9811,
      "count": 496
    }
  },
  "couplingAbs": {
    "density-entropy": {
      "min": 0.017,
      "max": 0.901,
      "avg": 0.3383,
      "count": 476
    },
    "density-flicker": {
      "min": 0.001,
      "max": 0.994,
      "avg": 0.4687,
      "count": 476
    },
    "density-phase": {
      "min": 0,
      "max": 0.519,
      "avg": 0.1803,
      "count": 476
    },
    "density-tension": {
      "min": 0.001,
      "max": 0.749,
      "avg": 0.2247,
      "count": 476
    },
    "density-trust": {
      "min": 0.002,
      "max": 0.826,
      "avg": 0.3724,
      "count": 476
    },
    "entropy-phase": {
      "min": 0,
      "max": 0.589,
      "avg": 0.1847,
      "count": 476
    },
    "entropy-trust": {
      "min": 0.005,
      "max": 0.764,
      "avg": 0.2568,
      "count": 476
    },
    "flicker-entropy": {
      "min": 0.001,
      "max": 0.95,
      "avg": 0.1872,
      "count": 476
    },
    "flicker-phase": {
      "min": 0,
      "max": 0.518,
      "avg": 0.1825,
      "count": 476
    },
    "flicker-trust": {
      "min": 0.002,
      "max": 0.875,
      "avg": 0.3618,
      "count": 476
    },
    "tension-entropy": {
      "min": 0.01,
      "max": 0.634,
      "avg": 0.3338,
      "count": 476
    },
    "tension-flicker": {
      "min": 0.006,
      "max": 0.92,
      "avg": 0.2099,
      "count": 476
    },
    "tension-phase": {
      "min": 0,
      "max": 0.737,
      "avg": 0.2678,
      "count": 476
    },
    "tension-trust": {
      "min": 0,
      "max": 0.943,
      "avg": 0.2045,
      "count": 476
    }
  },
  "couplingTail": {
    "density-entropy": {
      "p90": 0.648,
      "p95": 0.864,
      "exceedanceRate": {
        "0.50": 0.1492,
        "0.70": 0.0651,
        "0.85": 0.0609
      }
    },
    "density-flicker": {
      "p90": 0.829,
      "p95": 0.887,
      "exceedanceRate": {
        "0.50": 0.3761,
        "0.70": 0.3025,
        "0.85": 0.0756
      }
    },
    "density-phase": {
      "p90": 0.429,
      "p95": 0.463,
      "exceedanceRate": {
        "0.50": 0.0231,
        "0.70": 0,
        "0.85": 0
      }
    },
    "density-tension": {
      "p90": 0.369,
      "p95": 0.5922,
      "exceedanceRate": {
        "0.50": 0.0546,
        "0.70": 0.0441,
        "0.85": 0
      }
    },
    "density-trust": {
      "p90": 0.537,
      "p95": 0.7328,
      "exceedanceRate": {
        "0.50": 0.1324,
        "0.70": 0.0672,
        "0.85": 0
      }
    },
    "entropy-phase": {
      "p90": 0.442,
      "p95": 0.5837,
      "exceedanceRate": {
        "0.50": 0.0798,
        "0.70": 0,
        "0.85": 0
      }
    },
    "entropy-trust": {
      "p90": 0.595,
      "p95": 0.6025,
      "exceedanceRate": {
        "0.50": 0.1513,
        "0.70": 0.0441,
        "0.85": 0
      }
    },
    "flicker-entropy": {
      "p90": 0.515,
      "p95": 0.876,
      "exceedanceRate": {
        "0.50": 0.1071,
        "0.70": 0.0693,
        "0.85": 0.0651
      }
    },
    "flicker-phase": {
      "p90": 0.401,
      "p95": 0.401,
      "exceedanceRate": {
        "0.50": 0.0126,
        "0.70": 0,
        "0.85": 0
      }
    },
    "flicker-trust": {
      "p90": 0.609,
      "p95": 0.609,
      "exceedanceRate": {
        "0.50": 0.4685,
        "0.70": 0.0441,
        "0.85": 0.0441
      }
    },
    "tension-entropy": {
      "p90": 0.579,
      "p95": 0.579,
      "exceedanceRate": {
        "0.50": 0.1891,
        "0.70": 0,
        "0.85": 0
      }
    },
    "tension-flicker": {
      "p90": 0.386,
      "p95": 0.432,
      "exceedanceRate": {
        "0.50": 0.0462,
        "0.70": 0.0462,
        "0.85": 0.0021
      }
    },
    "tension-phase": {
      "p90": 0.623,
      "p95": 0.697,
      "exceedanceRate": {
        "0.50": 0.3025,
        "0.70": 0.0399,
        "0.85": 0
      }
    },
    "tension-trust": {
      "p90": 0.355,
      "p95": 0.388,
      "exceedanceRate": {
        "0.50": 0.0441,
        "0.70": 0.0441,
        "0.85": 0.0441
      }
    }
  },
  "couplingHotspots": [
    {
      "pair": "density-entropy",
      "p95": 0.864,
      "avg": 0.3383
    },
    {
      "pair": "density-flicker",
      "p95": 0.887,
      "avg": 0.4687
    },
    {
      "pair": "density-trust",
      "p95": 0.7328,
      "avg": 0.3724
    },
    {
      "pair": "flicker-entropy",
      "p95": 0.876,
      "avg": 0.1872
    }
  ],
  "couplingCorrelation": {
    "density-entropy": {
      "pearsonR": -0.2141,
      "meanSigned": -0.1198,
      "direction": "stable"
    },
    "density-flicker": {
      "pearsonR": -0.8699,
      "meanSigned": 0.4457,
      "direction": "decreasing"
    },
    "density-phase": {
      "pearsonR": 0.4091,
      "meanSigned": -0.0028,
      "direction": "increasing"
    },
    "density-tension": {
      "pearsonR": 0.6132,
      "meanSigned": 0.0605,
      "direction": "increasing"
    },
    "density-trust": {
      "pearsonR": 0.6277,
      "meanSigned": -0.0143,
      "direction": "increasing"
    },
    "entropy-phase": {
      "pearsonR": 0.4504,
      "meanSigned": -0.0425,
      "direction": "increasing"
    },
    "entropy-trust": {
      "pearsonR": -0.0211,
      "meanSigned": 0.1316,
      "direction": "stable"
    },
    "flicker-entropy": {
      "pearsonR": 0.144,
      "meanSigned": -0.1527,
      "direction": "stable"
    },
    "flicker-phase": {
      "pearsonR": 0.4931,
      "meanSigned": 0.1722,
      "direction": "increasing"
    },
    "flicker-trust": {
      "pearsonR": 0.8154,
      "meanSigned": -0.0475,
      "direction": "increasing"
    },
    "tension-entropy": {
      "pearsonR": -0.4293,
      "meanSigned": -0.2744,
      "direction": "decreasing"
    },
    "tension-flicker": {
      "pearsonR": 0.2788,
      "meanSigned": -0.162,
      "direction": "stable"
    },
    "tension-phase": {
      "pearsonR": 0.2736,
      "meanSigned": -0.2361,
      "direction": "stable"
    },
    "tension-trust": {
      "pearsonR": -0.0874,
      "meanSigned": -0.1011,
      "direction": "stable"
    }
  },
  "trustScoreAbs": {
    "cadenceAlignment": {
      "min": 0.2,
      "max": 0.37800900980917745,
      "avg": 0.2025,
      "count": 496
    },
    "coherenceMonitor": {
      "min": 0.0774225,
      "max": 0.74925,
      "avg": 0.6924,
      "count": 496
    },
    "convergence": {
      "min": 0.019980000000000005,
      "max": 0.24481245248125325,
      "avg": 0.1957,
      "count": 496
    },
    "entropyRegulator": {
      "min": 0.03293578124999998,
      "max": 0.74925,
      "avg": 0.4178,
      "count": 496
    },
    "feedbackOscillator": {
      "min": 0.011988,
      "max": 0.36239579985050613,
      "avg": 0.2417,
      "count": 496
    },
    "phaseLock": {
      "min": 0.014985,
      "max": 0.589883662090836,
      "avg": 0.4106,
      "count": 496
    },
    "restSynchronizer": {
      "min": 0.007992,
      "max": 0.3848399117760866,
      "avg": 0.1991,
      "count": 496
    },