{
  "generatedAt": "2026-03-04T04:42:31.560Z",
  "beats": {
    "totalEntries": 500,
    "byLayer": {
      "L1": 198,
      "L2": 302,
      "other": 0
    },
    "firstBeatKey": "0:0:0:0",
    "lastBeatKey": "3:3:1:16",
    "firstTimeMs": 0,
    "lastTimeMs": 79803.92156862744,
    "spanMs": 79803.922
  },
  "regimes": {
    "initializing": 20,
    "evolving": 102,
    "exploring": 344,
    "coherent": 34
  },
  "regimeDepth": {
    "maxConsecutiveCoherent": 34,
    "transitionCount": 4
  },
  "conductor": {
    "playProb": {
      "min": 0.2578001785447307,
      "max": 0.6136697931896812,
      "avg": 0.4418,
      "count": 500
    },
    "stutterProb": {
      "min": 0.2250340755734461,
      "max": 1,
      "avg": 0.5924,
      "count": 500
    },
    "density": {
      "min": 0.3338242118744706,
      "max": 0.7842248615475264,
      "avg": 0.5702,
      "count": 500
    },
    "tension": {
      "min": 0.06472262513960195,
      "max": 0.8085681264362327,
      "avg": 0.4707,
      "count": 500
    },
    "flicker": {
      "min": 0.8361313223743125,
      "max": 1.1893126003134342,
      "avg": 0.9913,
      "count": 500
    }
  },
  "couplingAbs": {
    "density-entropy": {
      "min": 0,
      "max": 0.665,
      "avg": 0.1735,
      "count": 480
    },
    "density-flicker": {
      "min": 0.002,
      "max": 0.985,
      "avg": 0.2227,
      "count": 480
    },
    "density-phase": {
      "min": 0,
      "max": 0.676,
      "avg": 0.3117,
      "count": 480
    },
    "density-tension": {
      "min": 0.005,
      "max": 0.745,
      "avg": 0.2908,
      "count": 480
    },
    "density-trust": {
      "min": 0.001,
      "max": 0.854,
      "avg": 0.3385,
      "count": 480
    },
    "entropy-phase": {
      "min": 0,
      "max": 0.816,
      "avg": 0.327,
      "count": 480
    },
    "entropy-trust": {
      "min": 0,
      "max": 0.552,
      "avg": 0.1455,
      "count": 480
    },
    "flicker-entropy": {
      "min": 0.015,
      "max": 0.738,
      "avg": 0.246,
      "count": 480
    },
    "flicker-phase": {
      "min": 0,
      "max": 0.648,
      "avg": 0.1765,
      "count": 480
    },
    "flicker-trust": {
      "min": 0.02,
      "max": 0.913,
      "avg": 0.4131,
      "count": 480
    },
    "tension-entropy": {
      "min": 0.017,
      "max": 0.776,
      "avg": 0.2027,
      "count": 480
    },
    "tension-flicker": {
      "min": 0,
      "max": 0.803,
      "avg": 0.2192,
      "count": 480
    },
    "tension-phase": {
      "min": 0,
      "max": 0.674,
      "avg": 0.2027,
      "count": 480
    },
    "tension-trust": {
      "min": 0.004,
      "max": 0.928,
      "avg": 0.2391,
      "count": 480
    }
  },
  "couplingTail": {
    "density-entropy": {
      "p90": 0.4,
      "p95": 0.505,
      "exceedanceRate": {
        "0.50": 0.0542,
        "0.70": 0,
        "0.85": 0
      }
    },
    "density-flicker": {
      "p90": 0.696,
      "p95": 0.724,
      "exceedanceRate": {
        "0.50": 0.1354,
        "0.70": 0.0625,
        "0.85": 0.025
      }
    },
    "density-phase": {
      "p90": 0.584,
      "p95": 0.598,
      "exceedanceRate": {
        "0.50": 0.3271,
        "0.70": 0,
        "0.85": 0
      }
    },
    "density-tension": {
      "p90": 0.6593,
      "p95": 0.745,
      "exceedanceRate": {
        "0.50": 0.2104,
        "0.70": 0.0917,
        "0.85": 0
      }
    },
    "density-trust": {
      "p90": 0.6,
      "p95": 0.67,
      "exceedanceRate": {
        "0.50": 0.1896,
        "0.70": 0.0167,
        "0.85": 0.0083
      }
    },
    "entropy-phase": {
      "p90": 0.7186,
      "p95": 0.805,
      "exceedanceRate": {
        "0.50": 0.1938,
        "0.70": 0.1125,
        "0.85": 0
      }
    },
    "entropy-trust": {
      "p90": 0.3456,
      "p95": 0.5194,
      "exceedanceRate": {
        "0.50": 0.0667,
        "0.70": 0,
        "0.85": 0
      }
    },
    "flicker-entropy": {
      "p90": 0.533,
      "p95": 0.617,
      "exceedanceRate": {
        "0.50": 0.1271,
        "0.70": 0.0271,
        "0.85": 0
      }
    },
    "flicker-phase": {
      "p90": 0.5422,
      "p95": 0.6,
      "exceedanceRate": {
        "0.50": 0.1604,
        "0.70": 0,
        "0.85": 0
      }
    },
    "flicker-trust": {
      "p90": 0.589,
      "p95": 0.598,
      "exceedanceRate": {
        "0.50": 0.4,
        "0.70": 0.0167,
        "0.85": 0.0083
      }
    },
    "tension-entropy": {
      "p90": 0.542,
      "p95": 0.701,
      "exceedanceRate": {
        "0.50": 0.1021,
        "0.70": 0.0542,
        "0.85": 0
      }
    },
    "tension-flicker": {
      "p90": 0.645,
      "p95": 0.645,
      "exceedanceRate": {
        "0.50": 0.15,
        "0.70": 0.0354,
        "0.85": 0
      }
    },
    "tension-phase": {
      "p90": 0.556,
      "p95": 0.674,
      "exceedanceRate": {
        "0.50": 0.1479,
        "0.70": 0,
        "0.85": 0
      }
    },
    "tension-trust": {
      "p90": 0.441,
      "p95": 0.441,
      "exceedanceRate": {
        "0.50": 0.0167,
        "0.70": 0.0167,
        "0.85": 0.0167
      }
    }
  },
  "couplingHotspots": [
    {
      "pair": "density-flicker",
      "p95": 0.724,
      "avg": 0.2227
    },
    {
      "pair": "density-tension",
      "p95": 0.745,
      "avg": 0.2908
    },
    {
      "pair": "entropy-phase",
      "p95": 0.805,
      "avg": 0.327
    },
    {
      "pair": "tension-entropy",
      "p95": 0.701,
      "avg": 0.2027
    }
  ],
  "couplingCorrelation": {
    "density-entropy": {
      "pearsonR": 0.0388,
      "meanSigned": 0.0941,
      "direction": "stable"
    },
    "density-flicker": {
      "pearsonR": -0.7321,
      "meanSigned": 0.2178,
      "direction": "decreasing"
    },
    "density-phase": {
      "pearsonR": 0.3099,
      "meanSigned": -0.2757,
      "direction": "increasing"
    },
    "density-tension": {
      "pearsonR": -0.4142,
      "meanSigned": 0.2653,
      "direction": "decreasing"
    },
    "density-trust": {
      "pearsonR": 0.7488,
      "meanSigned": -0.2379,
      "direction": "increasing"
    },
    "entropy-phase": {
      "pearsonR": 0.5084,
      "meanSigned": -0.0706,
      "direction": "increasing"
    },
    "entropy-trust": {
      "pearsonR": 0.2594,
      "meanSigned": 0.0114,
      "direction": "stable"
    },
    "flicker-entropy": {
      "pearsonR": 0.1583,
      "meanSigned": 0.1234,
      "direction": "stable"
    },
    "flicker-phase": {
      "pearsonR": 0.4396,
      "meanSigned": 0.1022,
      "direction": "increasing"
    },
    "flicker-trust": {
      "pearsonR": 0.5336,
      "meanSigned": -0.3116,
      "direction": "increasing"
    },
    "tension-entropy": {
      "pearsonR": -0.6116,
      "meanSigned": -0.073,
      "direction": "decreasing"
    },
    "tension-flicker": {
      "pearsonR": -0.5186,
      "meanSigned": 0.1533,
      "direction": "decreasing"
    },
    "tension-phase": {
      "pearsonR": 0.395,
      "meanSigned": -0.1024,
      "direction": "increasing"
    },
    "tension-trust": {
      "pearsonR": 0.05,
      "meanSigned": 0.0211,
      "direction": "stable"
    }
  },
  "trustScoreAbs": {
    "cadenceAlignment": {
      "min": 0.13868318130843454,
      "max": 0.27419505077537043,
      "avg": 0.2206,
      "count": 500
    },
    "coherenceMonitor": {
      "min": 0.0774225,
      "max": 0.74925,
      "avg": 0.6977,
      "count": 500
    },
    "convergence": {
      "min": 0.05,
      "max": 0.2979855538682198,
      "avg": 0.2256,
      "count": 500
    },
    "entropyRegulator": {
      "min": 0.05,
      "max": 0.74925,
      "avg": 0.4094,
      "count": 500
    },
    "feedbackOscillator": {
      "min": 0.05,
      "max": 0.38351664093145127,
      "avg": 0.2629,
      "count": 500
    },
    "phaseLock": {
      "min": 0.05,
      "max": 0.5845922385954302,
      "avg": 0.4023,
      "count": 500
    },
    "restSynchronizer": {
      "min": 0.16707535901319684,
      "max": 0.41058654850324633,