{
  "generatedAt": "2026-03-03T22:23:02.965Z",
  "beats": {
    "totalEntries": 414,
    "byLayer": {
      "L1": 188,
      "L2": 226,
      "other": 0
    },
    "firstBeatKey": "0:0:0:0",
    "lastBeatKey": "2:2:1:10",
    "firstTimeMs": 0,
    "lastTimeMs": 47146.19883040936,
    "spanMs": 47146.199
  },
  "regimes": {
    "initializing": 20,
    "evolving": 16,
    "coherent": 307,
    "exploring": 71
  },
  "regimeDepth": {
    "maxConsecutiveCoherent": 203,
    "transitionCount": 4
  },
  "conductor": {
    "playProb": {
      "min": 0.264188203125,
      "max": 0.6079447699060996,
      "avg": 0.4349,
      "count": 414
    },
    "stutterProb": {
      "min": 0.22247649923468393,
      "max": 1,
      "avg": 0.5644,
      "count": 414
    },
    "density": {
      "min": 0.3507910324215363,
      "max": 0.6573624684919304,
      "avg": 0.5117,
      "count": 414
    },
    "tension": {
      "min": 0.06396197362647224,
      "max": 0.715197086311034,
      "avg": 0.4962,
      "count": 414
    },
    "flicker": {
      "min": 0.891006134782039,
      "max": 1.1933690287403884,
      "avg": 0.998,
      "count": 414
    }
  },
  "couplingAbs": {
    "density-entropy": {
      "min": 0.056,
      "max": 0.805,
      "avg": 0.2667,
      "count": 394
    },
    "density-flicker": {
      "min": 0.018,
      "max": 0.988,
      "avg": 0.5294,
      "count": 394
    },
    "density-phase": {
      "min": 0,
      "max": 0.61,
      "avg": 0.2647,
      "count": 394
    },
    "density-tension": {
      "min": 0.001,
      "max": 0.799,
      "avg": 0.12,
      "count": 394
    },
    "density-trust": {
      "min": 0.064,
      "max": 0.833,
      "avg": 0.3883,
      "count": 394
    },
    "entropy-phase": {
      "min": 0,
      "max": 0.745,
      "avg": 0.2327,
      "count": 394
    },
    "entropy-trust": {
      "min": 0.005,
      "max": 0.505,
      "avg": 0.1218,
      "count": 394
    },
    "flicker-entropy": {
      "min": 0.001,
      "max": 0.781,
      "avg": 0.2213,
      "count": 394
    },
    "flicker-phase": {
      "min": 0,
      "max": 0.845,
      "avg": 0.27,
      "count": 394
    },
    "flicker-trust": {
      "min": 0.007,
      "max": 0.898,
      "avg": 0.3853,
      "count": 394
    },
    "tension-entropy": {
      "min": 0.04,
      "max": 0.732,
      "avg": 0.3155,
      "count": 394
    },
    "tension-flicker": {
      "min": 0.001,
      "max": 0.916,
      "avg": 0.2154,
      "count": 394
    },
    "tension-phase": {
      "min": 0,
      "max": 0.615,
      "avg": 0.2764,
      "count": 394
    },
    "tension-trust": {
      "min": 0.004,
      "max": 0.836,
      "avg": 0.209,
      "count": 394
    }
  },
  "couplingTail": {
    "density-entropy": {
      "p90": 0.423,
      "p95": 0.477,
      "exceedanceRate": {
        "0.50": 0.0102,
        "0.70": 0.0102,
        "0.85": 0
      }
    },
    "density-flicker": {
      "p90": 0.911,
      "p95": 0.911,
      "exceedanceRate": {
        "0.50": 0.5558,
        "0.70": 0.3579,
        "0.85": 0.1447
      }
    },
    "density-phase": {
      "p90": 0.575,
      "p95": 0.5933,
      "exceedanceRate": {
        "0.50": 0.1904,
        "0.70": 0,
        "0.85": 0
      }
    },
    "density-tension": {
      "p90": 0.3528,
      "p95": 0.377,
      "exceedanceRate": {
        "0.50": 0.0305,
        "0.70": 0.0102,
        "0.85": 0
      }
    },
    "density-trust": {
      "p90": 0.616,
      "p95": 0.618,
      "exceedanceRate": {
        "0.50": 0.3579,
        "0.70": 0.0203,
        "0.85": 0
      }
    },
    "entropy-phase": {
      "p90": 0.417,
      "p95": 0.6098,
      "exceedanceRate": {
        "0.50": 0.099,
        "0.70": 0.0508,
        "0.85": 0
      }
    },
    "entropy-trust": {
      "p90": 0.3603,
      "p95": 0.394,
      "exceedanceRate": {
        "0.50": 0.0102,
        "0.70": 0,
        "0.85": 0
      }
    },
    "flicker-entropy": {
      "p90": 0.6046,
      "p95": 0.621,
      "exceedanceRate": {
        "0.50": 0.1168,
        "0.70": 0.0203,
        "0.85": 0
      }
    },
    "flicker-phase": {
      "p90": 0.527,
      "p95": 0.6024,
      "exceedanceRate": {
        "0.50": 0.1345,
        "0.70": 0.0406,
        "0.85": 0
      }
    },
    "flicker-trust": {
      "p90": 0.568,
      "p95": 0.569,
      "exceedanceRate": {
        "0.50": 0.4213,
        "0.70": 0.0203,
        "0.85": 0.0102
      }
    },
    "tension-entropy": {
      "p90": 0.514,
      "p95": 0.528,
      "exceedanceRate": {
        "0.50": 0.1624,
        "0.70": 0.0102,
        "0.85": 0
      }
    },
    "tension-flicker": {
      "p90": 0.3501,
      "p95": 0.443,
      "exceedanceRate": {
        "0.50": 0.0305,
        "0.70": 0.0102,
        "0.85": 0.0102
      }
    },
    "tension-phase": {
      "p90": 0.547,
      "p95": 0.615,
      "exceedanceRate": {
        "0.50": 0.198,
        "0.70": 0,
        "0.85": 0
      }
    },
    "tension-trust": {
      "p90": 0.432,
      "p95": 0.434,
      "exceedanceRate": {
        "0.50": 0.0203,
        "0.70": 0.0203,
        "0.85": 0
      }
    }
  },
  "couplingHotspots": [
    {
      "pair": "density-flicker",
      "p95": 0.911,
      "avg": 0.5294
    }
  ],
  "couplingCorrelation": {
    "density-entropy": {
      "pearsonR": -0.5939,
      "meanSigned": 0.0285,
      "direction": "decreasing"
    },
    "density-flicker": {
      "pearsonR": -0.8359,
      "meanSigned": 0.3463,
      "direction": "decreasing"
    },
    "density-phase": {
      "pearsonR": 0.1215,
      "meanSigned": -0.2643,
      "direction": "stable"
    },
    "density-tension": {
      "pearsonR": 0.4048,
      "meanSigned": 0.0196,
      "direction": "increasing"
    },
    "density-trust": {
      "pearsonR": 0.9219,
      "meanSigned": -0.1736,
      "direction": "increasing"
    },
    "entropy-phase": {
      "pearsonR": 0.1174,
      "meanSigned": -0.2157,
      "direction": "stable"
    },
    "entropy-trust": {
      "pearsonR": -0.7536,
      "meanSigned": -0.022,
      "direction": "decreasing"
    },
    "flicker-entropy": {
      "pearsonR": 0.5129,
      "meanSigned": 0.1872,
      "direction": "increasing"
    },
    "flicker-phase": {
      "pearsonR": 0.3288,
      "meanSigned": 0.0187,
      "direction": "increasing"
    },
    "flicker-trust": {
      "pearsonR": 0.4897,
      "meanSigned": -0.3456,
      "direction": "increasing"
    },
    "tension-entropy": {
      "pearsonR": -0.2566,
      "meanSigned": -0.3155,
      "direction": "stable"
    },
    "tension-flicker": {
      "pearsonR": 0.7395,
      "meanSigned": 0.0393,
      "direction": "increasing"
    },
    "tension-phase": {
      "pearsonR": 0.3225,
      "meanSigned": -0.0851,
      "direction": "increasing"
    },
    "tension-trust": {
      "pearsonR": -0.0296,
      "meanSigned": -0.091,
      "direction": "stable"
    }
  },
  "trustScoreAbs": {
    "cadenceAlignment": {
      "min": 0.1316830483144135,
      "max": 0.2670712729314173,
      "avg": 0.219,
      "count": 414
    },
    "coherenceMonitor": {
      "min": 0.0774225,
      "max": 0.74925,
      "avg": 0.7139,
      "count": 414
    },
    "convergence": {
      "min": 0.05,
      "max": 0.2936632483490632,
      "avg": 0.2234,
      "count": 414
    },
    "entropyRegulator": {
      "min": 0.05,
      "max": 0.74925,
      "avg": 0.432,
      "count": 414
    },
    "feedbackOscillator": {
      "min": 0.05,
      "max": 0.34217736400199483,
      "avg": 0.254,
      "count": 414
    },
    "phaseLock": {
      "min": 0.05,
      "max": 0.6008215003417697,
      "avg": 0.384,
      "count": 414
    },
    "restSynchronizer": {
      "min": 0.15584208966096463,
      "max": 0.3702321133273953,
      "avg": 0.2445,
      "count": 414
    },
    "stutterContagion": {
      "min": 0.05,
      "max": 0.74925,
      "avg": 0.4285,
      "count": 414
    }
  },
  "trustWeightAbs": {
    "cadenceAlignment": {
      "min": 1.15,