{
  "generatedAt": "2026-03-04T18:36:31.134Z",
  "beats": {
    "totalEntries": 393,
    "byLayer": {
      "L1": 183,
      "L2": 210,
      "other": 0
    },
    "firstBeatKey": "0:0:0:0",
    "lastBeatKey": "2:0:2:19",
    "firstTimeMs": 0,
    "lastTimeMs": 39833.333333333336,
    "spanMs": 39833.333
  },
  "regimes": {
    "initializing": 30,
    "evolving": 285,
    "exploring": 78
  },
  "regimeDepth": {
    "maxConsecutiveCoherent": 0,
    "transitionCount": 2
  },
  "conductor": {
    "playProb": {
      "min": 0.2579579308278912,
      "max": 0.5903543744052149,
      "avg": 0.4096,
      "count": 393
    },
    "stutterProb": {
      "min": 0.22521640672508897,
      "max": 1,
      "avg": 0.4956,
      "count": 393
    },
    "density": {
      "min": 0.2937746065198146,
      "max": 0.7058903963695413,
      "avg": 0.4649,
      "count": 393
    },
    "tension": {
      "min": 0.06396197362647224,
      "max": 0.5558464471638843,
      "avg": 0.3951,
      "count": 393
    },
    "flicker": {
      "min": 1.0132382300749465,
      "max": 1.1985839331104262,
      "avg": 1.104,
      "count": 393
    }
  },
  "couplingAbs": {
    "density-entropy": {
      "min": 0.007,
      "max": 0.329,
      "avg": 0.1099,
      "count": 363
    },
    "density-flicker": {
      "min": 0.026,
      "max": 0.995,
      "avg": 0.6017,
      "count": 363
    },
    "density-phase": {
      "min": 0,
      "max": 0.635,
      "avg": 0.1975,
      "count": 363
    },
    "density-tension": {
      "min": 0.465,
      "max": 0.785,
      "avg": 0.5997,
      "count": 363
    },
    "density-trust": {
      "min": 0.005,
      "max": 0.86,
      "avg": 0.4838,
      "count": 363
    },
    "entropy-phase": {
      "min": 0,
      "max": 0.387,
      "avg": 0.1217,
      "count": 363
    },
    "entropy-trust": {
      "min": 0.039,
      "max": 0.568,
      "avg": 0.2301,
      "count": 363
    },
    "flicker-entropy": {
      "min": 0.065,
      "max": 0.352,
      "avg": 0.1904,
      "count": 363
    },
    "flicker-phase": {
      "min": 0,
      "max": 0.516,
      "avg": 0.1452,
      "count": 363
    },
    "flicker-trust": {
      "min": 0.025,
      "max": 0.916,
      "avg": 0.3919,
      "count": 363
    },
    "tension-entropy": {
      "min": 0.018,
      "max": 0.452,
      "avg": 0.1782,
      "count": 363
    },
    "tension-flicker": {
      "min": 0.017,
      "max": 0.862,
      "avg": 0.4052,
      "count": 363
    },
    "tension-phase": {
      "min": 0,
      "max": 0.59,
      "avg": 0.2245,
      "count": 363
    },
    "tension-trust": {
      "min": 0.003,
      "max": 0.907,
      "avg": 0.1536,
      "count": 363
    }
  },
  "couplingTail": {
    "density-entropy": {
      "p90": 0.329,
      "p95": 0.329,
      "exceedanceRate": {
        "0.50": 0,
        "0.70": 0,
        "0.85": 0
      }
    },
    "density-flicker": {
      "p90": 0.995,
      "p95": 0.995,
      "exceedanceRate": {
        "0.50": 0.6887,
        "0.70": 0.2287,
        "0.85": 0.1598
      }
    },
    "density-phase": {
      "p90": 0.485,
      "p95": 0.557,
      "exceedanceRate": {
        "0.50": 0.0964,
        "0.70": 0,
        "0.85": 0
      }
    },
    "density-tension": {
      "p90": 0.746,
      "p95": 0.746,
      "exceedanceRate": {
        "0.50": 0.7796,
        "0.70": 0.1598,
        "0.85": 0
      }
    },
    "density-trust": {
      "p90": 0.639,
      "p95": 0.639,
      "exceedanceRate": {
        "0.50": 0.6253,
        "0.70": 0.0331,
        "0.85": 0.0165
      }
    },
    "entropy-phase": {
      "p90": 0.358,
      "p95": 0.358,
      "exceedanceRate": {
        "0.50": 0,
        "0.70": 0,
        "0.85": 0
      }
    },
    "entropy-trust": {
      "p90": 0.499,
      "p95": 0.517,
      "exceedanceRate": {
        "0.50": 0.0826,
        "0.70": 0,
        "0.85": 0
      }
    },
    "flicker-entropy": {
      "p90": 0.323,
      "p95": 0.323,
      "exceedanceRate": {
        "0.50": 0,
        "0.70": 0,
        "0.85": 0
      }
    },
    "flicker-phase": {
      "p90": 0.344,
      "p95": 0.368,
      "exceedanceRate": {
        "0.50": 0.0165,
        "0.70": 0,
        "0.85": 0
      }
    },
    "flicker-trust": {
      "p90": 0.5734,
      "p95": 0.58,
      "exceedanceRate": {
        "0.50": 0.3361,
        "0.70": 0.0331,
        "0.85": 0.0165
      }
    },
    "tension-entropy": {
      "p90": 0.452,
      "p95": 0.452,
      "exceedanceRate": {
        "0.50": 0,
        "0.70": 0,
        "0.85": 0
      }
    },
    "tension-flicker": {
      "p90": 0.782,
      "p95": 0.782,
      "exceedanceRate": {
        "0.50": 0.3416,
        "0.70": 0.1598,
        "0.85": 0.0165
      }
    },
    "tension-phase": {
      "p90": 0.59,
      "p95": 0.59,
      "exceedanceRate": {
        "0.50": 0.1901,
        "0.70": 0,
        "0.85": 0
      }
    },
    "tension-trust": {
      "p90": 0.269,
      "p95": 0.3,
      "exceedanceRate": {
        "0.50": 0.0331,
        "0.70": 0.0331,
        "0.85": 0.0331
      }
    }
  },
  "couplingHotspots": [
    {
      "pair": "density-flicker",
      "p95": 0.995,
      "avg": 0.6017
    },
    {
      "pair": "density-tension",
      "p95": 0.746,
      "avg": 0.5997
    },
    {
      "pair": "tension-flicker",
      "p95": 0.782,
      "avg": 0.4052
    }
  ],
  "couplingCorrelation": {
    "density-entropy": {
      "pearsonR": -0.6681,
      "meanSigned": -0.0249,
      "direction": "decreasing"
    },
    "density-flicker": {
      "pearsonR": -0.9171,
      "meanSigned": 0.4347,
      "direction": "decreasing"
    },
    "density-phase": {
      "pearsonR": -0.5772,
      "meanSigned": -0.1975,
      "direction": "decreasing"
    },
    "density-tension": {
      "pearsonR": 0.2146,
      "meanSigned": 0.5492,
      "direction": "stable"
    },
    "density-trust": {
      "pearsonR": 0.6981,
      "meanSigned": -0.4785,
      "direction": "increasing"
    },
    "entropy-phase": {
      "pearsonR": 0.6554,
      "meanSigned": 0.0668,
      "direction": "increasing"
    },
    "entropy-trust": {
      "pearsonR": 0.5121,
      "meanSigned": 0.2301,
      "direction": "increasing"
    },
    "flicker-entropy": {
      "pearsonR": -0.2296,
      "meanSigned": 0.1689,
      "direction": "stable"
    },
    "flicker-phase": {
      "pearsonR": 0.899,
      "meanSigned": 0.1452,
      "direction": "increasing"
    },
    "flicker-trust": {
      "pearsonR": 0.8052,
      "meanSigned": -0.3748,
      "direction": "increasing"
    },
    "tension-entropy": {
      "pearsonR": -0.6469,
      "meanSigned": 0.0426,
      "direction": "decreasing"
    },
    "tension-flicker": {
      "pearsonR": -0.6485,
      "meanSigned": 0.1266,
      "direction": "decreasing"
    },
    "tension-phase": {
      "pearsonR": -0.5807,
      "meanSigned": -0.2245,
      "direction": "decreasing"
    },
    "tension-trust": {
      "pearsonR": -0.4218,
      "meanSigned": -0.0268,
      "direction": "decreasing"
    }
  },
  "trustScoreAbs": {
    "cadenceAlignment": {
      "min": 0.13868318130843454,
      "max": 0.30376343652571586,
      "avg": 0.2284,
      "count": 393
    },
    "coherenceMonitor": {
      "min": 0.0774225,
      "max": 0.74925,
      "avg": 0.7052,
      "count": 393
    },
    "convergence": {
      "min": 0.05,
      "max": 0.31460845181803393,
      "avg": 0.2315,
      "count": 393
    },
    "entropyRegulator": {
      "min": 0.05,
      "max": 0.74925,
      "avg": 0.4725,
      "count": 393
    },
    "feedbackOscillator": {
      "min": 0.05,
      "max": 0.39822402466399004,
      "avg": 0.2516,
      "count": 393
    },
    "phaseLock": {
      "min": 0.05,
      "max": 0.5943998642936958,
      "avg": 0.4249,
      "count": 393
    },
    "restSynchronizer": {
      "min": 0.1603267180223715,
      "max": 0.37301370578027115,
      "avg": 0.2488,
      "count": 393
    },
    "stutterContagion": {
      "min": 0.05,
      "max": 0.74925,